{
  "image": "Alkan - Posement-059",
  "scaled_w": 1237,
  "scaled_h": 1752,
  "stave_count": 2,
  "staves": [
    {
      "lines_px": [
        212,
        222,
        233,
        243,
        253
      ],
      "lines_norm": [
        0.121005,
        0.126712,
        0.132991,
        0.138699,
        0.144406
      ]
    },
    {
      "lines_px": [
        382,
        393,
        403,
        413,
        424
      ],
      "lines_norm": [
        0.218037,
        0.224315,
        0.230023,
        0.235731,
        0.242009
      ]
    }
  ]
}