{
  "image": "Alkan - Posement-032",
  "scaled_w": 1237,
  "scaled_h": 1752,
  "stave_count": 2,
  "staves": [
    {
      "lines_px": [
        212,
        222,
        233,
        243,
        253
      ],
      "lines_norm": [
        0.121005,
        0.126712,
        0.132991,
        0.138699,
        0.144406
      ]
    },
    {
      "lines_px": [
        337,
        348,
        358,
        368,
        379
      ],
      "lines_norm": [
        0.192352,
        0.19863,
        0.204338,
        0.210046,
        0.216324
      ]
    }
  ]
}