{
  "image": "Alkan - Posement-060",
  "scaled_w": 1237,
  "scaled_h": 1752,
  "stave_count": 2,
  "staves": [
    {
      "lines_px": [
        212,
        222,
        233,
        243,
        253
      ],
      "lines_norm": [
        0.121005,
        0.126712,
        0.132991,
        0.138699,
        0.144406
      ]
    },
    {
      "lines_px": [
        325,
        335,
        346,
        356,
        366
      ],
      "lines_norm": [
        0.185502,
        0.19121,
        0.197489,
        0.203196,
        0.208904
      ]
    }
  ]
}