{
  "image": "Alkan - Posement-049",
  "scaled_w": 1237,
  "scaled_h": 1752,
  "stave_count": 2,
  "staves": [
    {
      "lines_px": [
        212,
        222,
        233,
        243,
        253
      ],
      "lines_norm": [
        0.121005,
        0.126712,
        0.132991,
        0.138699,
        0.144406
      ]
    },
    {
      "lines_px": [
        339,
        350,
        360,
        370,
        381
      ],
      "lines_norm": [
        0.193493,
        0.199772,
        0.205479,
        0.211187,
        0.217466
      ]
    }
  ]
}