{
  "image": "Alkan - Posement-004",
  "scaled_w": 1237,
  "scaled_h": 1752,
  "stave_count": 2,
  "staves": [
    {
      "lines_px": [
        212,
        222,
        233,
        243,
        253
      ],
      "lines_norm": [
        0.121005,
        0.126712,
        0.132991,
        0.138699,
        0.144406
      ]
    },
    {
      "lines_px": [
        319,
        329,
        339,
        350,
        360
      ],
      "lines_norm": [
        0.182078,
        0.187785,
        0.193493,
        0.199772,
        0.205479
      ]
    }
  ]
}