{
  "image": "Alkan - Posement-014",
  "scaled_w": 1237,
  "scaled_h": 1752,
  "stave_count": 2,
  "staves": [
    {
      "lines_px": [
        212,
        222,
        233,
        243,
        253
      ],
      "lines_norm": [
        0.121005,
        0.126712,
        0.132991,
        0.138699,
        0.144406
      ]
    },
    {
      "lines_px": [
        356,
        366,
        377,
        387,
        397
      ],
      "lines_norm": [
        0.203196,
        0.208904,
        0.215183,
        0.22089,
        0.226598
      ]
    }
  ]
}