{
  "image": "Alkan - Posement-061",
  "scaled_w": 1237,
  "scaled_h": 1752,
  "stave_count": 2,
  "staves": [
    {
      "lines_px": [
        212,
        222,
        233,
        243,
        253
      ],
      "lines_norm": [
        0.121005,
        0.126712,
        0.132991,
        0.138699,
        0.144406
      ]
    },
    {
      "lines_px": [
        316,
        326,
        337,
        347,
        357
      ],
      "lines_norm": [
        0.180365,
        0.186073,
        0.192352,
        0.198059,
        0.203767
      ]
    }
  ]
}