{
  "image": "Bach - Goldberg Variation 25-001",
  "scaled_w": 1237,
  "scaled_h": 1752,
  "stave_count": 2,
  "staves": [
    {
      "lines_px": [
        333,
        343,
        353,
        364,
        374
      ],
      "lines_norm": [
        0.190068,
        0.195776,
        0.201484,
        0.207763,
        0.21347
      ]
    },
    {
      "lines_px": [
        438,
        449,
        459,
        469,
        480
      ],
      "lines_norm": [
        0.25,
        0.256279,
        0.261986,
        0.267694,
        0.273973
      ]
    }
  ]
}