{
  "image": "Bach - Goldberg Variation 25-006",
  "scaled_w": 1237,
  "scaled_h": 1752,
  "stave_count": 2,
  "staves": [
    {
      "lines_px": [
        212,
        222,
        233,
        243,
        253
      ],
      "lines_norm": [
        0.121005,
        0.126712,
        0.132991,
        0.138699,
        0.144406
      ]
    },
    {
      "lines_px": [
        336,
        347,
        357,
        367,
        378
      ],
      "lines_norm": [
        0.191781,
        0.198059,
        0.203767,
        0.209475,
        0.215753
      ]
    }
  ]
}