{
  "image": "Bartok - String Quartet 5 mvt 3-020",
  "scaled_w": 1237,
  "scaled_h": 1752,
  "stave_count": 4,
  "staves": [
    {
      "lines_px": [
        212,
        222,
        233,
        243,
        253
      ],
      "lines_norm": [
        0.121005,
        0.126712,
        0.132991,
        0.138699,
        0.144406
      ]
    },
    {
      "lines_px": [
        345,
        356,
        366,
        376,
        387
      ],
      "lines_norm": [
        0.196918,
        0.203196,
        0.208904,
        0.214612,
        0.22089
      ]
    },
    {
      "lines_px": [
        458,
        468,
        478,
        489,
        499
      ],
      "lines_norm": [
        0.261416,
        0.267123,
        0.272831,
        0.27911,
        0.284817
      ]
    },
    {
      "lines_px": [
        561,
        571,
        582,
        592,
        602
      ],
      "lines_norm": [
        0.320205,
        0.325913,
        0.332192,
        0.3379,
        0.343607
      ]
    }
  ]
}