{
  "image": "Bartok - String Quartet 5 mvt 3-046",
  "scaled_w": 1237,
  "scaled_h": 1752,
  "stave_count": 4,
  "staves": [
    {
      "lines_px": [
        212,
        222,
        233,
        243,
        253
      ],
      "lines_norm": [
        0.121005,
        0.126712,
        0.132991,
        0.138699,
        0.144406
      ]
    },
    {
      "lines_px": [
        377,
        387,
        397,
        408,
        418
      ],
      "lines_norm": [
        0.215183,
        0.22089,
        0.226598,
        0.232877,
        0.238584
      ]
    },
    {
      "lines_px": [
        556,
        566,
        576,
        587,
        597
      ],
      "lines_norm": [
        0.317352,
        0.323059,
        0.328767,
        0.335046,
        0.340753
      ]
    },
    {
      "lines_px": [
        686,
        696,
        707,
        717,
        727
      ],
      "lines_norm": [
        0.391553,
        0.39726,
        0.403539,
        0.409247,
        0.414954
      ]
    }
  ]
}