{
  "image": "Bartok - String Quartet 5 mvt 3-010",
  "scaled_w": 1237,
  "scaled_h": 1752,
  "stave_count": 4,
  "staves": [
    {
      "lines_px": [
        212,
        222,
        233,
        243,
        253
      ],
      "lines_norm": [
        0.121005,
        0.126712,
        0.132991,
        0.138699,
        0.144406
      ]
    },
    {
      "lines_px": [
        348,
        359,
        369,
        379,
        390
      ],
      "lines_norm": [
        0.19863,
        0.204909,
        0.210616,
        0.216324,
        0.222603
      ]
    },
    {
      "lines_px": [
        490,
        501,
        511,
        521,
        532
      ],
      "lines_norm": [
        0.27968,
        0.285959,
        0.291667,
        0.297374,
        0.303653
      ]
    },
    {
      "lines_px": [
        630,
        641,
        651,
        661,
        672
      ],
      "lines_norm": [
        0.359589,
        0.365868,
        0.371575,
        0.377283,
        0.383562
      ]
    }
  ]
}