{
  "image": "Bartok - String Quartet 5 mvt 3-063",
  "scaled_w": 1237,
  "scaled_h": 1752,
  "stave_count": 4,
  "staves": [
    {
      "lines_px": [
        212,
        222,
        233,
        243,
        253
      ],
      "lines_norm": [
        0.121005,
        0.126712,
        0.132991,
        0.138699,
        0.144406
      ]
    },
    {
      "lines_px": [
        315,
        326,
        336,
        346,
        357
      ],
      "lines_norm": [
        0.179795,
        0.186073,
        0.191781,
        0.197489,
        0.203767
      ]
    },
    {
      "lines_px": [
        432,
        443,
        453,
        463,
        474
      ],
      "lines_norm": [
        0.246575,
        0.252854,
        0.258562,
        0.264269,
        0.270548
      ]
    },
    {
      "lines_px": [
        536,
        546,
        556,
        567,
        577
      ],
      "lines_norm": [
        0.305936,
        0.311644,
        0.317352,
        0.32363,
        0.329338
      ]
    }
  ]
}