{
  "image": "Bartok - String Quartet 5 mvt 3-081",
  "scaled_w": 1237,
  "scaled_h": 1752,
  "stave_count": 4,
  "staves": [
    {
      "lines_px": [
        212,
        222,
        233,
        243,
        253
      ],
      "lines_norm": [
        0.121005,
        0.126712,
        0.132991,
        0.138699,
        0.144406
      ]
    },
    {
      "lines_px": [
        319,
        329,
        340,
        350,
        360
      ],
      "lines_norm": [
        0.182078,
        0.187785,
        0.194064,
        0.199772,
        0.205479
      ]
    },
    {
      "lines_px": [
        444,
        454,
        464,
        475,
        485
      ],
      "lines_norm": [
        0.253425,
        0.259132,
        0.26484,
        0.271119,
        0.276826
      ]
    },
    {
      "lines_px": [
        575,
        585,
        596,
        606,
        616
      ],
      "lines_norm": [
        0.328196,
        0.333904,
        0.340183,
        0.34589,
        0.351598
      ]
    }
  ]
}