{
  "image": "Bartok - Nights Music-023",
  "scaled_w": 1237,
  "scaled_h": 1752,
  "stave_count": 3,
  "staves": [
    {
      "lines_px": [
        212,
        222,
        233,
        243,
        253
      ],
      "lines_norm": [
        0.121005,
        0.126712,
        0.132991,
        0.138699,
        0.144406
      ]
    },
    {
      "lines_px": [
        371,
        382,
        392,
        402,
        413
      ],
      "lines_norm": [
        0.211758,
        0.218037,
        0.223744,
        0.229452,
        0.235731
      ]
    },
    {
      "lines_px": [
        521,
        531,
        542,
        552,
        562
      ],
      "lines_norm": [
        0.297374,
        0.303082,
        0.309361,
        0.315068,
        0.320776
      ]
    }
  ]
}