{
  "image": "Bartok - String Quartet 5 mvt 3-037",
  "scaled_w": 1237,
  "scaled_h": 1752,
  "stave_count": 4,
  "staves": [
    {
      "lines_px": [
        212,
        222,
        233,
        243,
        253
      ],
      "lines_norm": [
        0.121005,
        0.126712,
        0.132991,
        0.138699,
        0.144406
      ]
    },
    {
      "lines_px": [
        333,
        343,
        353,
        364,
        374
      ],
      "lines_norm": [
        0.190068,
        0.195776,
        0.201484,
        0.207763,
        0.21347
      ]
    },
    {
      "lines_px": [
        436,
        446,
        457,
        467,
        477
      ],
      "lines_norm": [
        0.248858,
        0.254566,
        0.260845,
        0.266553,
        0.27226
      ]
    },
    {
      "lines_px": [
        544,
        554,
        564,
        575,
        585
      ],
      "lines_norm": [
        0.310502,
        0.31621,
        0.321918,
        0.328196,
        0.333904
      ]
    }
  ]
}