{
  "image": "Bartok - Nights Music-012",
  "scaled_w": 1237,
  "scaled_h": 1752,
  "stave_count": 3,
  "staves": [
    {
      "lines_px": [
        212,
        222,
        233,
        243,
        253
      ],
      "lines_norm": [
        0.121005,
        0.126712,
        0.132991,
        0.138699,
        0.144406
      ]
    },
    {
      "lines_px": [
        376,
        386,
        397,
        407,
        417
      ],
      "lines_norm": [
        0.214612,
        0.22032,
        0.226598,
        0.232306,
        0.238014
      ]
    },
    {
      "lines_px": [
        479,
        490,
        500,
        510,
        521
      ],
      "lines_norm": [
        0.273402,
        0.27968,
        0.285388,
        0.291096,
        0.297374
      ]
    }
  ]
}