{
  "image": "Bartok - Nights Music-025",
  "scaled_w": 1237,
  "scaled_h": 1752,
  "stave_count": 3,
  "staves": [
    {
      "lines_px": [
        212,
        222,
        233,
        243,
        253
      ],
      "lines_norm": [
        0.121005,
        0.126712,
        0.132991,
        0.138699,
        0.144406
      ]
    },
    {
      "lines_px": [
        376,
        387,
        397,
        407,
        418
      ],
      "lines_norm": [
        0.214612,
        0.22089,
        0.226598,
        0.232306,
        0.238584
      ]
    },
    {
      "lines_px": [
        516,
        526,
        537,
        547,
        557
      ],
      "lines_norm": [
        0.294521,
        0.300228,
        0.306507,
        0.312215,
        0.317922
      ]
    }
  ]
}