{
  "image": "Bartok - String Quartet 5 mvt 3-026",
  "scaled_w": 1237,
  "scaled_h": 1752,
  "stave_count": 4,
  "staves": [
    {
      "lines_px": [
        212,
        222,
        233,
        243,
        253
      ],
      "lines_norm": [
        0.121005,
        0.126712,
        0.132991,
        0.138699,
        0.144406
      ]
    },
    {
      "lines_px": [
        318,
        329,
        339,
        349,
        360
      ],
      "lines_norm": [
        0.181507,
        0.187785,
        0.193493,
        0.199201,
        0.205479
      ]
    },
    {
      "lines_px": [
        428,
        439,
        449,
        459,
        470
      ],
      "lines_norm": [
        0.244292,
        0.250571,
        0.256279,
        0.261986,
        0.268265
      ]
    },
    {
      "lines_px": [
        532,
        542,
        552,
        563,
        573
      ],
      "lines_norm": [
        0.303653,
        0.309361,
        0.315068,
        0.321347,
        0.327055
      ]
    }
  ]
}