{
  "image": "Bartok - String Quartet 5 mvt 3-061",
  "scaled_w": 1237,
  "scaled_h": 1752,
  "stave_count": 4,
  "staves": [
    {
      "lines_px": [
        212,
        222,
        233,
        243,
        253
      ],
      "lines_norm": [
        0.121005,
        0.126712,
        0.132991,
        0.138699,
        0.144406
      ]
    },
    {
      "lines_px": [
        329,
        339,
        350,
        360,
        370
      ],
      "lines_norm": [
        0.187785,
        0.193493,
        0.199772,
        0.205479,
        0.211187
      ]
    },
    {
      "lines_px": [
        453,
        463,
        473,
        484,
        494
      ],
      "lines_norm": [
        0.258562,
        0.264269,
        0.269977,
        0.276256,
        0.281963
      ]
    },
    {
      "lines_px": [
        574,
        584,
        595,
        605,
        615
      ],
      "lines_norm": [
        0.327626,
        0.333333,
        0.339612,
        0.34532,
        0.351027
      ]
    }
  ]
}