{
  "image": "Bartok - String Quartet 5 mvt 3-012",
  "scaled_w": 1237,
  "scaled_h": 1752,
  "stave_count": 4,
  "staves": [
    {
      "lines_px": [
        212,
        222,
        233,
        243,
        253
      ],
      "lines_norm": [
        0.121005,
        0.126712,
        0.132991,
        0.138699,
        0.144406
      ]
    },
    {
      "lines_px": [
        318,
        329,
        339,
        349,
        360
      ],
      "lines_norm": [
        0.181507,
        0.187785,
        0.193493,
        0.199201,
        0.205479
      ]
    },
    {
      "lines_px": [
        452,
        463,
        473,
        483,
        494
      ],
      "lines_norm": [
        0.257991,
        0.264269,
        0.269977,
        0.275685,
        0.281963
      ]
    },
    {
      "lines_px": [
        609,
        619,
        630,
        640,
        650
      ],
      "lines_norm": [
        0.347603,
        0.353311,
        0.359589,
        0.365297,
        0.371005
      ]
    }
  ]
}