{
  "image": "Bartok - String Quartet 5 mvt 3-077",
  "scaled_w": 1237,
  "scaled_h": 1752,
  "stave_count": 4,
  "staves": [
    {
      "lines_px": [
        212,
        222,
        233,
        243,
        253
      ],
      "lines_norm": [
        0.121005,
        0.126712,
        0.132991,
        0.138699,
        0.144406
      ]
    },
    {
      "lines_px": [
        315,
        326,
        336,
        346,
        357
      ],
      "lines_norm": [
        0.179795,
        0.186073,
        0.191781,
        0.197489,
        0.203767
      ]
    },
    {
      "lines_px": [
        433,
        444,
        454,
        464,
        475
      ],
      "lines_norm": [
        0.247146,
        0.253425,
        0.259132,
        0.26484,
        0.271119
      ]
    },
    {
      "lines_px": [
        537,
        547,
        557,
        568,
        578
      ],
      "lines_norm": [
        0.306507,
        0.312215,
        0.317922,
        0.324201,
        0.329909
      ]
    }
  ]
}