{
  "image": "Bartok - String Quartet 5 mvt 3-065",
  "scaled_w": 1237,
  "scaled_h": 1752,
  "stave_count": 4,
  "staves": [
    {
      "lines_px": [
        212,
        222,
        233,
        243,
        253
      ],
      "lines_norm": [
        0.121005,
        0.126712,
        0.132991,
        0.138699,
        0.144406
      ]
    },
    {
      "lines_px": [
        315,
        326,
        336,
        346,
        357
      ],
      "lines_norm": [
        0.179795,
        0.186073,
        0.191781,
        0.197489,
        0.203767
      ]
    },
    {
      "lines_px": [
        452,
        462,
        472,
        483,
        493
      ],
      "lines_norm": [
        0.257991,
        0.263699,
        0.269406,
        0.275685,
        0.281393
      ]
    },
    {
      "lines_px": [
        558,
        568,
        579,
        589,
        599
      ],
      "lines_norm": [
        0.318493,
        0.324201,
        0.330479,
        0.336187,
        0.341895
      ]
    }
  ]
}