{
  "image": "Bartok - String Quartet 5 mvt 3-067",
  "scaled_w": 1237,
  "scaled_h": 1752,
  "stave_count": 4,
  "staves": [
    {
      "lines_px": [
        212,
        222,
        233,
        243,
        253
      ],
      "lines_norm": [
        0.121005,
        0.126712,
        0.132991,
        0.138699,
        0.144406
      ]
    },
    {
      "lines_px": [
        315,
        326,
        336,
        346,
        357
      ],
      "lines_norm": [
        0.179795,
        0.186073,
        0.191781,
        0.197489,
        0.203767
      ]
    },
    {
      "lines_px": [
        465,
        475,
        485,
        496,
        506
      ],
      "lines_norm": [
        0.265411,
        0.271119,
        0.276826,
        0.283105,
        0.288813
      ]
    },
    {
      "lines_px": [
        639,
        650,
        660,
        670,
        681
      ],
      "lines_norm": [
        0.364726,
        0.371005,
        0.376712,
        0.38242,
        0.388699
      ]
    }
  ]
}