{
  "image": "Bartok - Nights Music-024",
  "scaled_w": 1237,
  "scaled_h": 1752,
  "stave_count": 3,
  "staves": [
    {
      "lines_px": [
        212,
        222,
        233,
        243,
        253
      ],
      "lines_norm": [
        0.121005,
        0.126712,
        0.132991,
        0.138699,
        0.144406
      ]
    },
    {
      "lines_px": [
        375,
        385,
        395,
        406,
        416
      ],
      "lines_norm": [
        0.214041,
        0.219749,
        0.225457,
        0.231735,
        0.237443
      ]
    },
    {
      "lines_px": [
        525,
        535,
        545,
        556,
        566
      ],
      "lines_norm": [
        0.299658,
        0.305365,
        0.311073,
        0.317352,
        0.323059
      ]
    }
  ]
}