{
  "image": "Bartok - String Quartet 5 mvt 3-079",
  "scaled_w": 1237,
  "scaled_h": 1752,
  "stave_count": 4,
  "staves": [
    {
      "lines_px": [
        212,
        222,
        233,
        243,
        253
      ],
      "lines_norm": [
        0.121005,
        0.126712,
        0.132991,
        0.138699,
        0.144406
      ]
    },
    {
      "lines_px": [
        336,
        347,
        357,
        367,
        378
      ],
      "lines_norm": [
        0.191781,
        0.198059,
        0.203767,
        0.209475,
        0.215753
      ]
    },
    {
      "lines_px": [
        486,
        496,
        506,
        517,
        527
      ],
      "lines_norm": [
        0.277397,
        0.283105,
        0.288813,
        0.295091,
        0.300799
      ]
    },
    {
      "lines_px": [
        600,
        610,
        620,
        631,
        641
      ],
      "lines_norm": [
        0.342466,
        0.348174,
        0.353881,
        0.36016,
        0.365868
      ]
    }
  ]
}