{
  "image": "Bartok - Solo Violin Sonata mvt 4-050",
  "scaled_w": 1237,
  "scaled_h": 1752,
  "stave_count": 2,
  "staves": [
    {
      "lines_px": [
        212,
        222,
        233,
        243,
        253
      ],
      "lines_norm": [
        0.121005,
        0.126712,
        0.132991,
        0.138699,
        0.144406
      ]
    },
    {
      "lines_px": [
        349,
        359,
        370,
        380,
        390
      ],
      "lines_norm": [
        0.199201,
        0.204909,
        0.211187,
        0.216895,
        0.222603
      ]
    }
  ]
}