{
  "image": "Bartok - String Quartet 5 mvt 3-070",
  "scaled_w": 1237,
  "scaled_h": 1752,
  "stave_count": 4,
  "staves": [
    {
      "lines_px": [
        212,
        222,
        233,
        243,
        253
      ],
      "lines_norm": [
        0.121005,
        0.126712,
        0.132991,
        0.138699,
        0.144406
      ]
    },
    {
      "lines_px": [
        336,
        346,
        357,
        367,
        377
      ],
      "lines_norm": [
        0.191781,
        0.197489,
        0.203767,
        0.209475,
        0.215183
      ]
    },
    {
      "lines_px": [
        451,
        462,
        472,
        482,
        493
      ],
      "lines_norm": [
        0.25742,
        0.263699,
        0.269406,
        0.275114,
        0.281393
      ]
    },
    {
      "lines_px": [
        571,
        581,
        592,
        602,
        612
      ],
      "lines_norm": [
        0.325913,
        0.331621,
        0.3379,
        0.343607,
        0.349315
      ]
    }
  ]
}