{
  "image": "Bartok - Mikrokosmos 144-001",
  "scaled_w": 1237,
  "scaled_h": 1752,
  "stave_count": 2,
  "staves": [
    {
      "lines_px": [
        333,
        343,
        353,
        364,
        374
      ],
      "lines_norm": [
        0.190068,
        0.195776,
        0.201484,
        0.207763,
        0.21347
      ]
    },
    {
      "lines_px": [
        463,
        473,
        484,
        494,
        504
      ],
      "lines_norm": [
        0.264269,
        0.269977,
        0.276256,
        0.281963,
        0.287671
      ]
    }
  ]
}