{
  "image": "Bartok - String Quartet 5 mvt 3-043",
  "scaled_w": 1237,
  "scaled_h": 1752,
  "stave_count": 4,
  "staves": [
    {
      "lines_px": [
        212,
        222,
        233,
        243,
        253
      ],
      "lines_norm": [
        0.121005,
        0.126712,
        0.132991,
        0.138699,
        0.144406
      ]
    },
    {
      "lines_px": [
        354,
        364,
        375,
        385,
        395
      ],
      "lines_norm": [
        0.202055,
        0.207763,
        0.214041,
        0.219749,
        0.225457
      ]
    },
    {
      "lines_px": [
        457,
        468,
        478,
        488,
        499
      ],
      "lines_norm": [
        0.260845,
        0.267123,
        0.272831,
        0.278539,
        0.284817
      ]
    },
    {
      "lines_px": [
        561,
        571,
        581,
        592,
        602
      ],
      "lines_norm": [
        0.320205,
        0.325913,
        0.331621,
        0.3379,
        0.343607
      ]
    }
  ]
}