{
  "image": "Bartok - String Quartet 5 mvt 3-045",
  "scaled_w": 1237,
  "scaled_h": 1752,
  "stave_count": 4,
  "staves": [
    {
      "lines_px": [
        212,
        222,
        233,
        243,
        253
      ],
      "lines_norm": [
        0.121005,
        0.126712,
        0.132991,
        0.138699,
        0.144406
      ]
    },
    {
      "lines_px": [
        363,
        373,
        384,
        394,
        404
      ],
      "lines_norm": [
        0.207192,
        0.2129,
        0.219178,
        0.224886,
        0.230594
      ]
    },
    {
      "lines_px": [
        570,
        580,
        590,
        601,
        611
      ],
      "lines_norm": [
        0.325342,
        0.33105,
        0.336758,
        0.343037,
        0.348744
      ]
    },
    {
      "lines_px": [
        689,
        699,
        709,
        720,
        730
      ],
      "lines_norm": [
        0.393265,
        0.398973,
        0.40468,
        0.410959,
        0.416667
      ]
    }
  ]
}