{
  "image": "Bartok - String Quartet 5 mvt 3-056",
  "scaled_w": 1237,
  "scaled_h": 1752,
  "stave_count": 4,
  "staves": [
    {
      "lines_px": [
        212,
        222,
        233,
        243,
        253
      ],
      "lines_norm": [
        0.121005,
        0.126712,
        0.132991,
        0.138699,
        0.144406
      ]
    },
    {
      "lines_px": [
        319,
        329,
        340,
        350,
        360
      ],
      "lines_norm": [
        0.182078,
        0.187785,
        0.194064,
        0.199772,
        0.205479
      ]
    },
    {
      "lines_px": [
        422,
        433,
        443,
        453,
        464
      ],
      "lines_norm": [
        0.240868,
        0.247146,
        0.252854,
        0.258562,
        0.26484
      ]
    },
    {
      "lines_px": [
        550,
        561,
        571,
        581,
        592
      ],
      "lines_norm": [
        0.313927,
        0.320205,
        0.325913,
        0.331621,
        0.3379
      ]
    }
  ]
}