{
  "image": "Bartok - Nights Music-014",
  "scaled_w": 1237,
  "scaled_h": 1752,
  "stave_count": 3,
  "staves": [
    {
      "lines_px": [
        212,
        222,
        233,
        243,
        253
      ],
      "lines_norm": [
        0.121005,
        0.126712,
        0.132991,
        0.138699,
        0.144406
      ]
    },
    {
      "lines_px": [
        315,
        326,
        336,
        346,
        357
      ],
      "lines_norm": [
        0.179795,
        0.186073,
        0.191781,
        0.197489,
        0.203767
      ]
    },
    {
      "lines_px": [
        426,
        437,
        447,
        457,
        468
      ],
      "lines_norm": [
        0.243151,
        0.249429,
        0.255137,
        0.260845,
        0.267123
      ]
    }
  ]
}