{
  "image": "Bartok - Solo Violin Sonata mvt 4-045",
  "scaled_w": 1237,
  "scaled_h": 1752,
  "stave_count": 2,
  "staves": [
    {
      "lines_px": [
        212,
        222,
        233,
        243,
        253
      ],
      "lines_norm": [
        0.121005,
        0.126712,
        0.132991,
        0.138699,
        0.144406
      ]
    },
    {
      "lines_px": [
        321,
        331,
        341,
        352,
        362
      ],
      "lines_norm": [
        0.183219,
        0.188927,
        0.194635,
        0.200913,
        0.206621
      ]
    }
  ]
}