{
  "image": "Bartok - String Quartet 5 mvt 3-069",
  "scaled_w": 1237,
  "scaled_h": 1752,
  "stave_count": 4,
  "staves": [
    {
      "lines_px": [
        212,
        222,
        233,
        243,
        253
      ],
      "lines_norm": [
        0.121005,
        0.126712,
        0.132991,
        0.138699,
        0.144406
      ]
    },
    {
      "lines_px": [
        337,
        347,
        358,
        368,
        378
      ],
      "lines_norm": [
        0.192352,
        0.198059,
        0.204338,
        0.210046,
        0.215753
      ]
    },
    {
      "lines_px": [
        446,
        456,
        466,
        477,
        487
      ],
      "lines_norm": [
        0.254566,
        0.260274,
        0.265982,
        0.27226,
        0.277968
      ]
    },
    {
      "lines_px": [
        572,
        583,
        593,
        603,
        614
      ],
      "lines_norm": [
        0.326484,
        0.332763,
        0.33847,
        0.344178,
        0.350457
      ]
    }
  ]
}