{
  "image": "Bartok - String Quartet 5 mvt 3-087",
  "scaled_w": 1237,
  "scaled_h": 1752,
  "stave_count": 4,
  "staves": [
    {
      "lines_px": [
        212,
        222,
        233,
        243,
        253
      ],
      "lines_norm": [
        0.121005,
        0.126712,
        0.132991,
        0.138699,
        0.144406
      ]
    },
    {
      "lines_px": [
        334,
        344,
        354,
        365,
        375
      ],
      "lines_norm": [
        0.190639,
        0.196347,
        0.202055,
        0.208333,
        0.214041
      ]
    },
    {
      "lines_px": [
        437,
        447,
        458,
        468,
        478
      ],
      "lines_norm": [
        0.249429,
        0.255137,
        0.261416,
        0.267123,
        0.272831
      ]
    },
    {
      "lines_px": [
        540,
        551,
        561,
        571,
        582
      ],
      "lines_norm": [
        0.308219,
        0.314498,
        0.320205,
        0.325913,
        0.332192
      ]
    }
  ]
}