{
  "image": "Bartok - String Quartet 5 mvt 3-003",
  "scaled_w": 1237,
  "scaled_h": 1752,
  "stave_count": 4,
  "staves": [
    {
      "lines_px": [
        212,
        222,
        233,
        243,
        253
      ],
      "lines_norm": [
        0.121005,
        0.126712,
        0.132991,
        0.138699,
        0.144406
      ]
    },
    {
      "lines_px": [
        338,
        349,
        359,
        369,
        380
      ],
      "lines_norm": [
        0.192922,
        0.199201,
        0.204909,
        0.210616,
        0.216895
      ]
    },
    {
      "lines_px": [
        442,
        452,
        462,
        473,
        483
      ],
      "lines_norm": [
        0.252283,
        0.257991,
        0.263699,
        0.269977,
        0.275685
      ]
    },
    {
      "lines_px": [
        545,
        555,
        566,
        576,
        586
      ],
      "lines_norm": [
        0.311073,
        0.316781,
        0.323059,
        0.328767,
        0.334475
      ]
    }
  ]
}