{
  "image": "Bartok - String Quartet 5 mvt 3-007",
  "scaled_w": 1237,
  "scaled_h": 1752,
  "stave_count": 4,
  "staves": [
    {
      "lines_px": [
        212,
        222,
        233,
        243,
        253
      ],
      "lines_norm": [
        0.121005,
        0.126712,
        0.132991,
        0.138699,
        0.144406
      ]
    },
    {
      "lines_px": [
        331,
        341,
        351,
        362,
        372
      ],
      "lines_norm": [
        0.188927,
        0.194635,
        0.200342,
        0.206621,
        0.212329
      ]
    },
    {
      "lines_px": [
        458,
        468,
        478,
        489,
        499
      ],
      "lines_norm": [
        0.261416,
        0.267123,
        0.272831,
        0.27911,
        0.284817
      ]
    },
    {
      "lines_px": [
        574,
        584,
        594,
        605,
        615
      ],
      "lines_norm": [
        0.327626,
        0.333333,
        0.339041,
        0.34532,
        0.351027
      ]
    }
  ]
}