{
  "image": "Bartok - String Quartet 5 mvt 3-074",
  "scaled_w": 1237,
  "scaled_h": 1752,
  "stave_count": 4,
  "staves": [
    {
      "lines_px": [
        212,
        222,
        233,
        243,
        253
      ],
      "lines_norm": [
        0.121005,
        0.126712,
        0.132991,
        0.138699,
        0.144406
      ]
    },
    {
      "lines_px": [
        329,
        340,
        350,
        360,
        371
      ],
      "lines_norm": [
        0.187785,
        0.194064,
        0.199772,
        0.205479,
        0.211758
      ]
    },
    {
      "lines_px": [
        452,
        462,
        473,
        483,
        493
      ],
      "lines_norm": [
        0.257991,
        0.263699,
        0.269977,
        0.275685,
        0.281393
      ]
    },
    {
      "lines_px": [
        564,
        575,
        585,
        595,
        606
      ],
      "lines_norm": [
        0.321918,
        0.328196,
        0.333904,
        0.339612,
        0.34589
      ]
    }
  ]
}