{
  "image": "Bartok - String Quartet 5 mvt 3-022",
  "scaled_w": 1237,
  "scaled_h": 1752,
  "stave_count": 4,
  "staves": [
    {
      "lines_px": [
        212,
        222,
        233,
        243,
        253
      ],
      "lines_norm": [
        0.121005,
        0.126712,
        0.132991,
        0.138699,
        0.144406
      ]
    },
    {
      "lines_px": [
        319,
        329,
        340,
        350,
        360
      ],
      "lines_norm": [
        0.182078,
        0.187785,
        0.194064,
        0.199772,
        0.205479
      ]
    },
    {
      "lines_px": [
        440,
        451,
        461,
        471,
        482
      ],
      "lines_norm": [
        0.251142,
        0.25742,
        0.263128,
        0.268836,
        0.275114
      ]
    },
    {
      "lines_px": [
        567,
        577,
        587,
        598,
        608
      ],
      "lines_norm": [
        0.32363,
        0.329338,
        0.335046,
        0.341324,
        0.347032
      ]
    }
  ]
}