{
  "image": "Bartok - String Quartet 5 mvt 3-008",
  "scaled_w": 1237,
  "scaled_h": 1752,
  "stave_count": 4,
  "staves": [
    {
      "lines_px": [
        212,
        222,
        233,
        243,
        253
      ],
      "lines_norm": [
        0.121005,
        0.126712,
        0.132991,
        0.138699,
        0.144406
      ]
    },
    {
      "lines_px": [
        315,
        326,
        336,
        346,
        357
      ],
      "lines_norm": [
        0.179795,
        0.186073,
        0.191781,
        0.197489,
        0.203767
      ]
    },
    {
      "lines_px": [
        419,
        429,
        440,
        450,
        460
      ],
      "lines_norm": [
        0.239155,
        0.244863,
        0.251142,
        0.256849,
        0.262557
      ]
    },
    {
      "lines_px": [
        522,
        533,
        543,
        553,
        564
      ],
      "lines_norm": [
        0.297945,
        0.304224,
        0.309932,
        0.315639,
        0.321918
      ]
    }
  ]
}