{
  "image": "Bartok - String Quartet 5 mvt 3-066",
  "scaled_w": 1237,
  "scaled_h": 1752,
  "stave_count": 4,
  "staves": [
    {
      "lines_px": [
        212,
        222,
        233,
        243,
        253
      ],
      "lines_norm": [
        0.121005,
        0.126712,
        0.132991,
        0.138699,
        0.144406
      ]
    },
    {
      "lines_px": [
        316,
        326,
        336,
        347,
        357
      ],
      "lines_norm": [
        0.180365,
        0.186073,
        0.191781,
        0.198059,
        0.203767
      ]
    },
    {
      "lines_px": [
        419,
        429,
        440,
        450,
        460
      ],
      "lines_norm": [
        0.239155,
        0.244863,
        0.251142,
        0.256849,
        0.262557
      ]
    },
    {
      "lines_px": [
        532,
        542,
        552,
        563,
        573
      ],
      "lines_norm": [
        0.303653,
        0.309361,
        0.315068,
        0.321347,
        0.327055
      ]
    }
  ]
}