{
  "image": "Bartok - String Quartet 5 mvt 3-064",
  "scaled_w": 1237,
  "scaled_h": 1752,
  "stave_count": 4,
  "staves": [
    {
      "lines_px": [
        212,
        222,
        233,
        243,
        253
      ],
      "lines_norm": [
        0.121005,
        0.126712,
        0.132991,
        0.138699,
        0.144406
      ]
    },
    {
      "lines_px": [
        328,
        338,
        349,
        359,
        369
      ],
      "lines_norm": [
        0.187215,
        0.192922,
        0.199201,
        0.204909,
        0.210616
      ]
    },
    {
      "lines_px": [
        444,
        454,
        465,
        475,
        485
      ],
      "lines_norm": [
        0.253425,
        0.259132,
        0.265411,
        0.271119,
        0.276826
      ]
    },
    {
      "lines_px": [
        556,
        566,
        576,
        587,
        597
      ],
      "lines_norm": [
        0.317352,
        0.323059,
        0.328767,
        0.335046,
        0.340753
      ]
    }
  ]
}