{
  "image": "Bartok - Solo Violin Sonata mvt 4-043",
  "scaled_w": 1237,
  "scaled_h": 1752,
  "stave_count": 2,
  "staves": [
    {
      "lines_px": [
        212,
        222,
        233,
        243,
        253
      ],
      "lines_norm": [
        0.121005,
        0.126712,
        0.132991,
        0.138699,
        0.144406
      ]
    },
    {
      "lines_px": [
        357,
        368,
        378,
        388,
        399
      ],
      "lines_norm": [
        0.203767,
        0.210046,
        0.215753,
        0.221461,
        0.22774
      ]
    }
  ]
}