{
  "image": "Bartok - String Quartet 5 mvt 3-017",
  "scaled_w": 1237,
  "scaled_h": 1752,
  "stave_count": 4,
  "staves": [
    {
      "lines_px": [
        212,
        222,
        233,
        243,
        253
      ],
      "lines_norm": [
        0.121005,
        0.126712,
        0.132991,
        0.138699,
        0.144406
      ]
    },
    {
      "lines_px": [
        344,
        355,
        365,
        375,
        386
      ],
      "lines_norm": [
        0.196347,
        0.202626,
        0.208333,
        0.214041,
        0.22032
      ]
    },
    {
      "lines_px": [
        449,
        459,
        469,
        480,
        490
      ],
      "lines_norm": [
        0.256279,
        0.261986,
        0.267694,
        0.273973,
        0.27968
      ]
    },
    {
      "lines_px": [
        563,
        573,
        583,
        594,
        604
      ],
      "lines_norm": [
        0.321347,
        0.327055,
        0.332763,
        0.339041,
        0.344749
      ]
    }
  ]
}