{
  "image": "Bartok - String Quartet 5 mvt 3-009",
  "scaled_w": 1237,
  "scaled_h": 1752,
  "stave_count": 4,
  "staves": [
    {
      "lines_px": [
        212,
        222,
        233,
        243,
        253
      ],
      "lines_norm": [
        0.121005,
        0.126712,
        0.132991,
        0.138699,
        0.144406
      ]
    },
    {
      "lines_px": [
        315,
        326,
        336,
        346,
        357
      ],
      "lines_norm": [
        0.179795,
        0.186073,
        0.191781,
        0.197489,
        0.203767
      ]
    },
    {
      "lines_px": [
        455,
        466,
        476,
        486,
        497
      ],
      "lines_norm": [
        0.259703,
        0.265982,
        0.271689,
        0.277397,
        0.283676
      ]
    },
    {
      "lines_px": [
        565,
        575,
        586,
        596,
        606
      ],
      "lines_norm": [
        0.322489,
        0.328196,
        0.334475,
        0.340183,
        0.34589
      ]
    }
  ]
}