{
  "image": "Bartok - String Quartet 5 mvt 3-040",
  "scaled_w": 1237,
  "scaled_h": 1752,
  "stave_count": 4,
  "staves": [
    {
      "lines_px": [
        212,
        222,
        233,
        243,
        253
      ],
      "lines_norm": [
        0.121005,
        0.126712,
        0.132991,
        0.138699,
        0.144406
      ]
    },
    {
      "lines_px": [
        327,
        338,
        348,
        358,
        369
      ],
      "lines_norm": [
        0.186644,
        0.192922,
        0.19863,
        0.204338,
        0.210616
      ]
    },
    {
      "lines_px": [
        431,
        441,
        451,
        462,
        472
      ],
      "lines_norm": [
        0.246005,
        0.251712,
        0.25742,
        0.263699,
        0.269406
      ]
    },
    {
      "lines_px": [
        551,
        562,
        572,
        582,
        593
      ],
      "lines_norm": [
        0.314498,
        0.320776,
        0.326484,
        0.332192,
        0.33847
      ]
    }
  ]
}