{
  "image": "Bartok - Nights Music-008",
  "scaled_w": 1237,
  "scaled_h": 1752,
  "stave_count": 3,
  "staves": [
    {
      "lines_px": [
        212,
        222,
        233,
        243,
        253
      ],
      "lines_norm": [
        0.121005,
        0.126712,
        0.132991,
        0.138699,
        0.144406
      ]
    },
    {
      "lines_px": [
        329,
        339,
        350,
        360,
        370
      ],
      "lines_norm": [
        0.187785,
        0.193493,
        0.199772,
        0.205479,
        0.211187
      ]
    },
    {
      "lines_px": [
        432,
        443,
        453,
        463,
        474
      ],
      "lines_norm": [
        0.246575,
        0.252854,
        0.258562,
        0.264269,
        0.270548
      ]
    }
  ]
}