{
  "image": "Bartok - Mikrokosmos 144-021",
  "scaled_w": 1237,
  "scaled_h": 1752,
  "stave_count": 2,
  "staves": [
    {
      "lines_px": [
        212,
        222,
        233,
        243,
        253
      ],
      "lines_norm": [
        0.121005,
        0.126712,
        0.132991,
        0.138699,
        0.144406
      ]
    },
    {
      "lines_px": [
        332,
        342,
        352,
        363,
        373
      ],
      "lines_norm": [
        0.189498,
        0.195205,
        0.200913,
        0.207192,
        0.2129
      ]
    }
  ]
}