{
  "image": "Bartok - String Quartet 5 mvt 3-015",
  "scaled_w": 1237,
  "scaled_h": 1752,
  "stave_count": 4,
  "staves": [
    {
      "lines_px": [
        212,
        222,
        233,
        243,
        253
      ],
      "lines_norm": [
        0.121005,
        0.126712,
        0.132991,
        0.138699,
        0.144406
      ]
    },
    {
      "lines_px": [
        316,
        327,
        337,
        347,
        358
      ],
      "lines_norm": [
        0.180365,
        0.186644,
        0.192352,
        0.198059,
        0.204338
      ]
    },
    {
      "lines_px": [
        430,
        440,
        450,
        461,
        471
      ],
      "lines_norm": [
        0.245434,
        0.251142,
        0.256849,
        0.263128,
        0.268836
      ]
    },
    {
      "lines_px": [
        541,
        551,
        562,
        572,
        582
      ],
      "lines_norm": [
        0.30879,
        0.314498,
        0.320776,
        0.326484,
        0.332192
      ]
    }
  ]
}