{
  "image": "Bartok - String Quartet 5 mvt 3-082",
  "scaled_w": 1237,
  "scaled_h": 1752,
  "stave_count": 4,
  "staves": [
    {
      "lines_px": [
        212,
        222,
        233,
        243,
        253
      ],
      "lines_norm": [
        0.121005,
        0.126712,
        0.132991,
        0.138699,
        0.144406
      ]
    },
    {
      "lines_px": [
        327,
        337,
        348,
        358,
        368
      ],
      "lines_norm": [
        0.186644,
        0.192352,
        0.19863,
        0.204338,
        0.210046
      ]
    },
    {
      "lines_px": [
        430,
        441,
        451,
        461,
        472
      ],
      "lines_norm": [
        0.245434,
        0.251712,
        0.25742,
        0.263128,
        0.269406
      ]
    },
    {
      "lines_px": [
        569,
        580,
        590,
        600,
        611
      ],
      "lines_norm": [
        0.324772,
        0.33105,
        0.336758,
        0.342466,
        0.348744
      ]
    }
  ]
}