{
  "image": "Bartok - String Quartet 5 mvt 3-042",
  "scaled_w": 1237,
  "scaled_h": 1752,
  "stave_count": 4,
  "staves": [
    {
      "lines_px": [
        212,
        222,
        233,
        243,
        253
      ],
      "lines_norm": [
        0.121005,
        0.126712,
        0.132991,
        0.138699,
        0.144406
      ]
    },
    {
      "lines_px": [
        347,
        357,
        368,
        378,
        388
      ],
      "lines_norm": [
        0.198059,
        0.203767,
        0.210046,
        0.215753,
        0.221461
      ]
    },
    {
      "lines_px": [
        450,
        461,
        471,
        481,
        492
      ],
      "lines_norm": [
        0.256849,
        0.263128,
        0.268836,
        0.274543,
        0.280822
      ]
    },
    {
      "lines_px": [
        554,
        564,
        574,
        585,
        595
      ],
      "lines_norm": [
        0.31621,
        0.321918,
        0.327626,
        0.333904,
        0.339612
      ]
    }
  ]
}