{
  "image": "Bartok - String Quartet 5 mvt 3-055",
  "scaled_w": 1237,
  "scaled_h": 1752,
  "stave_count": 4,
  "staves": [
    {
      "lines_px": [
        212,
        222,
        233,
        243,
        253
      ],
      "lines_norm": [
        0.121005,
        0.126712,
        0.132991,
        0.138699,
        0.144406
      ]
    },
    {
      "lines_px": [
        366,
        376,
        386,
        397,
        407
      ],
      "lines_norm": [
        0.208904,
        0.214612,
        0.22032,
        0.226598,
        0.232306
      ]
    },
    {
      "lines_px": [
        469,
        479,
        490,
        500,
        510
      ],
      "lines_norm": [
        0.267694,
        0.273402,
        0.27968,
        0.285388,
        0.291096
      ]
    },
    {
      "lines_px": [
        615,
        625,
        636,
        646,
        656
      ],
      "lines_norm": [
        0.351027,
        0.356735,
        0.363014,
        0.368721,
        0.374429
      ]
    }
  ]
}