{
  "image": "Bartok - String Quartet 5 mvt 3-011",
  "scaled_w": 1237,
  "scaled_h": 1752,
  "stave_count": 4,
  "staves": [
    {
      "lines_px": [
        212,
        222,
        233,
        243,
        253
      ],
      "lines_norm": [
        0.121005,
        0.126712,
        0.132991,
        0.138699,
        0.144406
      ]
    },
    {
      "lines_px": [
        320,
        331,
        341,
        351,
        362
      ],
      "lines_norm": [
        0.182648,
        0.188927,
        0.194635,
        0.200342,
        0.206621
      ]
    },
    {
      "lines_px": [
        426,
        436,
        447,
        457,
        467
      ],
      "lines_norm": [
        0.243151,
        0.248858,
        0.255137,
        0.260845,
        0.266553
      ]
    },
    {
      "lines_px": [
        564,
        574,
        584,
        595,
        605
      ],
      "lines_norm": [
        0.321918,
        0.327626,
        0.333333,
        0.339612,
        0.34532
      ]
    }
  ]
}