{
  "image": "Bartok - String Quartet 5 mvt 3-001",
  "scaled_w": 1237,
  "scaled_h": 1752,
  "stave_count": 4,
  "staves": [
    {
      "lines_px": [
        333,
        343,
        353,
        364,
        374
      ],
      "lines_norm": [
        0.190068,
        0.195776,
        0.201484,
        0.207763,
        0.21347
      ]
    },
    {
      "lines_px": [
        436,
        446,
        457,
        467,
        477
      ],
      "lines_norm": [
        0.248858,
        0.254566,
        0.260845,
        0.266553,
        0.27226
      ]
    },
    {
      "lines_px": [
        544,
        555,
        565,
        575,
        586
      ],
      "lines_norm": [
        0.310502,
        0.316781,
        0.322489,
        0.328196,
        0.334475
      ]
    },
    {
      "lines_px": [
        648,
        658,
        668,
        679,
        689
      ],
      "lines_norm": [
        0.369863,
        0.375571,
        0.381279,
        0.387557,
        0.393265
      ]
    }
  ]
}