{
  "image": "Bartok - Nights Music-019",
  "scaled_w": 1237,
  "scaled_h": 1752,
  "stave_count": 3,
  "staves": [
    {
      "lines_px": [
        212,
        222,
        233,
        243,
        253
      ],
      "lines_norm": [
        0.121005,
        0.126712,
        0.132991,
        0.138699,
        0.144406
      ]
    },
    {
      "lines_px": [
        327,
        337,
        348,
        358,
        368
      ],
      "lines_norm": [
        0.186644,
        0.192352,
        0.19863,
        0.204338,
        0.210046
      ]
    },
    {
      "lines_px": [
        433,
        444,
        454,
        464,
        475
      ],
      "lines_norm": [
        0.247146,
        0.253425,
        0.259132,
        0.26484,
        0.271119
      ]
    }
  ]
}