{
  "image": "Bartok - Nights Music-036",
  "scaled_w": 1237,
  "scaled_h": 1752,
  "stave_count": 3,
  "staves": [
    {
      "lines_px": [
        212,
        222,
        233,
        243,
        253
      ],
      "lines_norm": [
        0.121005,
        0.126712,
        0.132991,
        0.138699,
        0.144406
      ]
    },
    {
      "lines_px": [
        337,
        347,
        358,
        368,
        378
      ],
      "lines_norm": [
        0.192352,
        0.198059,
        0.204338,
        0.210046,
        0.215753
      ]
    },
    {
      "lines_px": [
        440,
        451,
        461,
        471,
        482
      ],
      "lines_norm": [
        0.251142,
        0.25742,
        0.263128,
        0.268836,
        0.275114
      ]
    }
  ]
}