{
  "image": "Bartok - String Quartet 5 mvt 3-057",
  "scaled_w": 1237,
  "scaled_h": 1752,
  "stave_count": 4,
  "staves": [
    {
      "lines_px": [
        212,
        222,
        233,
        243,
        253
      ],
      "lines_norm": [
        0.121005,
        0.126712,
        0.132991,
        0.138699,
        0.144406
      ]
    },
    {
      "lines_px": [
        319,
        329,
        340,
        350,
        360
      ],
      "lines_norm": [
        0.182078,
        0.187785,
        0.194064,
        0.199772,
        0.205479
      ]
    },
    {
      "lines_px": [
        432,
        442,
        453,
        463,
        473
      ],
      "lines_norm": [
        0.246575,
        0.252283,
        0.258562,
        0.264269,
        0.269977
      ]
    },
    {
      "lines_px": [
        549,
        559,
        569,
        580,
        590
      ],
      "lines_norm": [
        0.313356,
        0.319064,
        0.324772,
        0.33105,
        0.336758
      ]
    }
  ]
}