{
  "image": "Bartok - String Quartet 5 mvt 3-058",
  "scaled_w": 1237,
  "scaled_h": 1752,
  "stave_count": 4,
  "staves": [
    {
      "lines_px": [
        212,
        222,
        233,
        243,
        253
      ],
      "lines_norm": [
        0.121005,
        0.126712,
        0.132991,
        0.138699,
        0.144406
      ]
    },
    {
      "lines_px": [
        326,
        336,
        347,
        357,
        367
      ],
      "lines_norm": [
        0.186073,
        0.191781,
        0.198059,
        0.203767,
        0.209475
      ]
    },
    {
      "lines_px": [
        451,
        461,
        472,
        482,
        492
      ],
      "lines_norm": [
        0.25742,
        0.263128,
        0.269406,
        0.275114,
        0.280822
      ]
    },
    {
      "lines_px": [
        566,
        576,
        587,
        597,
        607
      ],
      "lines_norm": [
        0.323059,
        0.328767,
        0.335046,
        0.340753,
        0.346461
      ]
    }
  ]
}