{
  "image": "Bartok - Nights Music-009",
  "scaled_w": 1237,
  "scaled_h": 1752,
  "stave_count": 3,
  "staves": [
    {
      "lines_px": [
        212,
        222,
        233,
        243,
        253
      ],
      "lines_norm": [
        0.121005,
        0.126712,
        0.132991,
        0.138699,
        0.144406
      ]
    },
    {
      "lines_px": [
        377,
        388,
        398,
        408,
        419
      ],
      "lines_norm": [
        0.215183,
        0.221461,
        0.227169,
        0.232877,
        0.239155
      ]
    },
    {
      "lines_px": [
        481,
        491,
        501,
        512,
        522
      ],
      "lines_norm": [
        0.274543,
        0.280251,
        0.285959,
        0.292237,
        0.297945
      ]
    }
  ]
}