{
  "image": "Bartok - Nights Music-026",
  "scaled_w": 1237,
  "scaled_h": 1752,
  "stave_count": 3,
  "staves": [
    {
      "lines_px": [
        212,
        222,
        233,
        243,
        253
      ],
      "lines_norm": [
        0.121005,
        0.126712,
        0.132991,
        0.138699,
        0.144406
      ]
    },
    {
      "lines_px": [
        317,
        327,
        337,
        348,
        358
      ],
      "lines_norm": [
        0.180936,
        0.186644,
        0.192352,
        0.19863,
        0.204338
      ]
    },
    {
      "lines_px": [
        420,
        430,
        441,
        451,
        461
      ],
      "lines_norm": [
        0.239726,
        0.245434,
        0.251712,
        0.25742,
        0.263128
      ]
    }
  ]
}