{
  "image": "Bartok - String Quartet 5 mvt 3-035",
  "scaled_w": 1237,
  "scaled_h": 1752,
  "stave_count": 4,
  "staves": [
    {
      "lines_px": [
        212,
        222,
        233,
        243,
        253
      ],
      "lines_norm": [
        0.121005,
        0.126712,
        0.132991,
        0.138699,
        0.144406
      ]
    },
    {
      "lines_px": [
        322,
        333,
        343,
        353,
        364
      ],
      "lines_norm": [
        0.18379,
        0.190068,
        0.195776,
        0.201484,
        0.207763
      ]
    },
    {
      "lines_px": [
        426,
        436,
        446,
        457,
        467
      ],
      "lines_norm": [
        0.243151,
        0.248858,
        0.254566,
        0.260845,
        0.266553
      ]
    },
    {
      "lines_px": [
        529,
        539,
        550,
        560,
        570
      ],
      "lines_norm": [
        0.301941,
        0.307648,
        0.313927,
        0.319635,
        0.325342
      ]
    }
  ]
}