{
  "image": "Bartok - String Quartet 5 mvt 3-034",
  "scaled_w": 1237,
  "scaled_h": 1752,
  "stave_count": 4,
  "staves": [
    {
      "lines_px": [
        212,
        222,
        233,
        243,
        253
      ],
      "lines_norm": [
        0.121005,
        0.126712,
        0.132991,
        0.138699,
        0.144406
      ]
    },
    {
      "lines_px": [
        329,
        340,
        350,
        360,
        371
      ],
      "lines_norm": [
        0.187785,
        0.194064,
        0.199772,
        0.205479,
        0.211758
      ]
    },
    {
      "lines_px": [
        433,
        443,
        453,
        464,
        474
      ],
      "lines_norm": [
        0.247146,
        0.252854,
        0.258562,
        0.26484,
        0.270548
      ]
    },
    {
      "lines_px": [
        570,
        581,
        591,
        601,
        612
      ],
      "lines_norm": [
        0.325342,
        0.331621,
        0.337329,
        0.343037,
        0.349315
      ]
    }
  ]
}