{
  "image": "Bartok - String Quartet 5 mvt 3-083",
  "scaled_w": 1237,
  "scaled_h": 1752,
  "stave_count": 4,
  "staves": [
    {
      "lines_px": [
        212,
        222,
        233,
        243,
        253
      ],
      "lines_norm": [
        0.121005,
        0.126712,
        0.132991,
        0.138699,
        0.144406
      ]
    },
    {
      "lines_px": [
        319,
        329,
        340,
        350,
        360
      ],
      "lines_norm": [
        0.182078,
        0.187785,
        0.194064,
        0.199772,
        0.205479
      ]
    },
    {
      "lines_px": [
        436,
        447,
        457,
        467,
        478
      ],
      "lines_norm": [
        0.248858,
        0.255137,
        0.260845,
        0.266553,
        0.272831
      ]
    },
    {
      "lines_px": [
        610,
        621,
        631,
        641,
        652
      ],
      "lines_norm": [
        0.348174,
        0.354452,
        0.36016,
        0.365868,
        0.372146
      ]
    }
  ]
}