{
  "image": "Bartok - String Quartet 5 mvt 3-062",
  "scaled_w": 1237,
  "scaled_h": 1752,
  "stave_count": 4,
  "staves": [
    {
      "lines_px": [
        212,
        222,
        233,
        243,
        253
      ],
      "lines_norm": [
        0.121005,
        0.126712,
        0.132991,
        0.138699,
        0.144406
      ]
    },
    {
      "lines_px": [
        327,
        337,
        347,
        358,
        368
      ],
      "lines_norm": [
        0.186644,
        0.192352,
        0.198059,
        0.204338,
        0.210046
      ]
    },
    {
      "lines_px": [
        437,
        447,
        457,
        468,
        478
      ],
      "lines_norm": [
        0.249429,
        0.255137,
        0.260845,
        0.267123,
        0.272831
      ]
    },
    {
      "lines_px": [
        580,
        590,
        601,
        611,
        621
      ],
      "lines_norm": [
        0.33105,
        0.336758,
        0.343037,
        0.348744,
        0.354452
      ]
    }
  ]
}