{
  "image": "Bartok - String Quartet 5 mvt 3-048",
  "scaled_w": 1237,
  "scaled_h": 1752,
  "stave_count": 4,
  "staves": [
    {
      "lines_px": [
        212,
        222,
        233,
        243,
        253
      ],
      "lines_norm": [
        0.121005,
        0.126712,
        0.132991,
        0.138699,
        0.144406
      ]
    },
    {
      "lines_px": [
        315,
        326,
        336,
        346,
        357
      ],
      "lines_norm": [
        0.179795,
        0.186073,
        0.191781,
        0.197489,
        0.203767
      ]
    },
    {
      "lines_px": [
        426,
        436,
        446,
        457,
        467
      ],
      "lines_norm": [
        0.243151,
        0.248858,
        0.254566,
        0.260845,
        0.266553
      ]
    },
    {
      "lines_px": [
        544,
        555,
        565,
        575,
        586
      ],
      "lines_norm": [
        0.310502,
        0.316781,
        0.322489,
        0.328196,
        0.334475
      ]
    }
  ]
}