{
  "image": "Bartok - String Quartet 5 mvt 3-005",
  "scaled_w": 1237,
  "scaled_h": 1752,
  "stave_count": 4,
  "staves": [
    {
      "lines_px": [
        212,
        222,
        233,
        243,
        253
      ],
      "lines_norm": [
        0.121005,
        0.126712,
        0.132991,
        0.138699,
        0.144406
      ]
    },
    {
      "lines_px": [
        327,
        337,
        348,
        358,
        368
      ],
      "lines_norm": [
        0.186644,
        0.192352,
        0.19863,
        0.204338,
        0.210046
      ]
    },
    {
      "lines_px": [
        457,
        467,
        477,
        488,
        498
      ],
      "lines_norm": [
        0.260845,
        0.266553,
        0.27226,
        0.278539,
        0.284247
      ]
    },
    {
      "lines_px": [
        560,
        570,
        581,
        591,
        601
      ],
      "lines_norm": [
        0.319635,
        0.325342,
        0.331621,
        0.337329,
        0.343037
      ]
    }
  ]
}