{
  "image": "Bartok - String Quartet 5 mvt 3-023",
  "scaled_w": 1237,
  "scaled_h": 1752,
  "stave_count": 4,
  "staves": [
    {
      "lines_px": [
        212,
        222,
        233,
        243,
        253
      ],
      "lines_norm": [
        0.121005,
        0.126712,
        0.132991,
        0.138699,
        0.144406
      ]
    },
    {
      "lines_px": [
        315,
        326,
        336,
        346,
        357
      ],
      "lines_norm": [
        0.179795,
        0.186073,
        0.191781,
        0.197489,
        0.203767
      ]
    },
    {
      "lines_px": [
        435,
        445,
        455,
        466,
        476
      ],
      "lines_norm": [
        0.248288,
        0.253995,
        0.259703,
        0.265982,
        0.271689
      ]
    },
    {
      "lines_px": [
        586,
        597,
        607,
        617,
        628
      ],
      "lines_norm": [
        0.334475,
        0.340753,
        0.346461,
        0.352169,
        0.358447
      ]
    }
  ]
}