{
  "image": "Bartok - String Quartet 5 mvt 3-018",
  "scaled_w": 1237,
  "scaled_h": 1752,
  "stave_count": 4,
  "staves": [
    {
      "lines_px": [
        212,
        222,
        233,
        243,
        253
      ],
      "lines_norm": [
        0.121005,
        0.126712,
        0.132991,
        0.138699,
        0.144406
      ]
    },
    {
      "lines_px": [
        315,
        326,
        336,
        346,
        357
      ],
      "lines_norm": [
        0.179795,
        0.186073,
        0.191781,
        0.197489,
        0.203767
      ]
    },
    {
      "lines_px": [
        424,
        434,
        444,
        455,
        465
      ],
      "lines_norm": [
        0.242009,
        0.247717,
        0.253425,
        0.259703,
        0.265411
      ]
    },
    {
      "lines_px": [
        527,
        537,
        548,
        558,
        568
      ],
      "lines_norm": [
        0.300799,
        0.306507,
        0.312785,
        0.318493,
        0.324201
      ]
    }
  ]
}