{
  "image": "Bartok - String Quartet 5 mvt 3-013",
  "scaled_w": 1237,
  "scaled_h": 1752,
  "stave_count": 4,
  "staves": [
    {
      "lines_px": [
        212,
        222,
        233,
        243,
        253
      ],
      "lines_norm": [
        0.121005,
        0.126712,
        0.132991,
        0.138699,
        0.144406
      ]
    },
    {
      "lines_px": [
        319,
        329,
        340,
        350,
        360
      ],
      "lines_norm": [
        0.182078,
        0.187785,
        0.194064,
        0.199772,
        0.205479
      ]
    },
    {
      "lines_px": [
        494,
        504,
        515,
        525,
        535
      ],
      "lines_norm": [
        0.281963,
        0.287671,
        0.29395,
        0.299658,
        0.305365
      ]
    },
    {
      "lines_px": [
        651,
        662,
        672,
        682,
        693
      ],
      "lines_norm": [
        0.371575,
        0.377854,
        0.383562,
        0.389269,
        0.395548
      ]
    }
  ]
}