{
  "image": "Bartok - String Quartet 5 mvt 3-078",
  "scaled_w": 1237,
  "scaled_h": 1752,
  "stave_count": 4,
  "staves": [
    {
      "lines_px": [
        212,
        222,
        233,
        243,
        253
      ],
      "lines_norm": [
        0.121005,
        0.126712,
        0.132991,
        0.138699,
        0.144406
      ]
    },
    {
      "lines_px": [
        322,
        332,
        342,
        353,
        363
      ],
      "lines_norm": [
        0.18379,
        0.189498,
        0.195205,
        0.201484,
        0.207192
      ]
    },
    {
      "lines_px": [
        438,
        448,
        458,
        469,
        479
      ],
      "lines_norm": [
        0.25,
        0.255708,
        0.261416,
        0.267694,
        0.273402
      ]
    },
    {
      "lines_px": [
        553,
        564,
        574,
        584,
        595
      ],
      "lines_norm": [
        0.315639,
        0.321918,
        0.327626,
        0.333333,
        0.339612
      ]
    }
  ]
}