{
  "image": "beamed grace notes 2-note intervals-005",
  "scaled_w": 1237,
  "scaled_h": 1752,
  "stave_count": 3,
  "staves": [
    {
      "lines_px": [
        212,
        222,
        233,
        243,
        253
      ],
      "lines_norm": [
        0.121005,
        0.126712,
        0.132991,
        0.138699,
        0.144406
      ]
    },
    {
      "lines_px": [
        318,
        328,
        338,
        349,
        359
      ],
      "lines_norm": [
        0.181507,
        0.187215,
        0.192922,
        0.199201,
        0.204909
      ]
    },
    {
      "lines_px": [
        429,
        440,
        450,
        460,
        471
      ],
      "lines_norm": [
        0.244863,
        0.251142,
        0.256849,
        0.262557,
        0.268836
      ]
    }
  ]
}