{
  "image": "beamed grace notes 2-note intervals-006",
  "scaled_w": 1237,
  "scaled_h": 1752,
  "stave_count": 3,
  "staves": [
    {
      "lines_px": [
        212,
        222,
        233,
        243,
        253
      ],
      "lines_norm": [
        0.121005,
        0.126712,
        0.132991,
        0.138699,
        0.144406
      ]
    },
    {
      "lines_px": [
        323,
        333,
        344,
        354,
        364
      ],
      "lines_norm": [
        0.184361,
        0.190068,
        0.196347,
        0.202055,
        0.207763
      ]
    },
    {
      "lines_px": [
        440,
        450,
        460,
        471,
        481
      ],
      "lines_norm": [
        0.251142,
        0.256849,
        0.262557,
        0.268836,
        0.274543
      ]
    }
  ]
}