{
  "image": "beamed grace notes 2-note intervals-011",
  "scaled_w": 1237,
  "scaled_h": 1752,
  "stave_count": 3,
  "staves": [
    {
      "lines_px": [
        212,
        222,
        233,
        243,
        253
      ],
      "lines_norm": [
        0.121005,
        0.126712,
        0.132991,
        0.138699,
        0.144406
      ]
    },
    {
      "lines_px": [
        338,
        349,
        359,
        369,
        380
      ],
      "lines_norm": [
        0.192922,
        0.199201,
        0.204909,
        0.210616,
        0.216895
      ]
    },
    {
      "lines_px": [
        471,
        481,
        491,
        502,
        512
      ],
      "lines_norm": [
        0.268836,
        0.274543,
        0.280251,
        0.28653,
        0.292237
      ]
    }
  ]
}