{
  "image": "beamed grace notes 2-note intervals-010",
  "scaled_w": 1237,
  "scaled_h": 1752,
  "stave_count": 3,
  "staves": [
    {
      "lines_px": [
        212,
        222,
        233,
        243,
        253
      ],
      "lines_norm": [
        0.121005,
        0.126712,
        0.132991,
        0.138699,
        0.144406
      ]
    },
    {
      "lines_px": [
        319,
        329,
        339,
        350,
        360
      ],
      "lines_norm": [
        0.182078,
        0.187785,
        0.193493,
        0.199772,
        0.205479
      ]
    },
    {
      "lines_px": [
        426,
        436,
        446,
        457,
        467
      ],
      "lines_norm": [
        0.243151,
        0.248858,
        0.254566,
        0.260845,
        0.266553
      ]
    }
  ]
}