{
  "image": "Beethoven - Diabelli Variation XIV-002",
  "scaled_w": 1237,
  "scaled_h": 1752,
  "stave_count": 2,
  "staves": [
    {
      "lines_px": [
        212,
        222,
        233,
        243,
        253
      ],
      "lines_norm": [
        0.121005,
        0.126712,
        0.132991,
        0.138699,
        0.144406
      ]
    },
    {
      "lines_px": [
        334,
        344,
        355,
        365,
        375
      ],
      "lines_norm": [
        0.190639,
        0.196347,
        0.202626,
        0.208333,
        0.214041
      ]
    }
  ]
}