{
  "image": "Beethoven - Diabelli Variation XXVII-001",
  "scaled_w": 1237,
  "scaled_h": 1752,
  "stave_count": 2,
  "staves": [
    {
      "lines_px": [
        333,
        343,
        353,
        364,
        374
      ],
      "lines_norm": [
        0.190068,
        0.195776,
        0.201484,
        0.207763,
        0.21347
      ]
    },
    {
      "lines_px": [
        468,
        478,
        489,
        499,
        509
      ],
      "lines_norm": [
        0.267123,
        0.272831,
        0.27911,
        0.284817,
        0.290525
      ]
    }
  ]
}