{
  "image": "Beethoven - Diabelli Variation XXVII-008",
  "scaled_w": 1237,
  "scaled_h": 1752,
  "stave_count": 2,
  "staves": [
    {
      "lines_px": [
        212,
        222,
        233,
        243,
        253
      ],
      "lines_norm": [
        0.121005,
        0.126712,
        0.132991,
        0.138699,
        0.144406
      ]
    },
    {
      "lines_px": [
        344,
        355,
        365,
        375,
        386
      ],
      "lines_norm": [
        0.196347,
        0.202626,
        0.208333,
        0.214041,
        0.22032
      ]
    }
  ]
}