{
  "image": "Beethoven - Diabelli Variation XIV-001",
  "scaled_w": 1237,
  "scaled_h": 1752,
  "stave_count": 2,
  "staves": [
    {
      "lines_px": [
        333,
        343,
        353,
        364,
        374
      ],
      "lines_norm": [
        0.190068,
        0.195776,
        0.201484,
        0.207763,
        0.21347
      ]
    },
    {
      "lines_px": [
        450,
        461,
        471,
        481,
        492
      ],
      "lines_norm": [
        0.256849,
        0.263128,
        0.268836,
        0.274543,
        0.280822
      ]
    }
  ]
}