{
  "image": "Chopin - Etude Op 10 no 11-001",
  "scaled_w": 1237,
  "scaled_h": 1752,
  "stave_count": 2,
  "staves": [
    {
      "lines_px": [
        333,
        343,
        353,
        364,
        374
      ],
      "lines_norm": [
        0.190068,
        0.195776,
        0.201484,
        0.207763,
        0.21347
      ]
    },
    {
      "lines_px": [
        465,
        475,
        485,
        496,
        506
      ],
      "lines_norm": [
        0.265411,
        0.271119,
        0.276826,
        0.283105,
        0.288813
      ]
    }
  ]
}