{
  "image": "Chopin - Etude Op 10 no 11-008",
  "scaled_w": 1237,
  "scaled_h": 1752,
  "stave_count": 2,
  "staves": [
    {
      "lines_px": [
        212,
        222,
        233,
        243,
        253
      ],
      "lines_norm": [
        0.121005,
        0.126712,
        0.132991,
        0.138699,
        0.144406
      ]
    },
    {
      "lines_px": [
        348,
        359,
        369,
        379,
        390
      ],
      "lines_norm": [
        0.19863,
        0.204909,
        0.210616,
        0.216324,
        0.222603
      ]
    }
  ]
}