{
  "image": "Chopin - Etude Op 10 no 1-018",
  "scaled_w": 1237,
  "scaled_h": 1752,
  "stave_count": 2,
  "staves": [
    {
      "lines_px": [
        212,
        222,
        233,
        243,
        253
      ],
      "lines_norm": [
        0.121005,
        0.126712,
        0.132991,
        0.138699,
        0.144406
      ]
    },
    {
      "lines_px": [
        328,
        338,
        349,
        359,
        369
      ],
      "lines_norm": [
        0.187215,
        0.192922,
        0.199201,
        0.204909,
        0.210616
      ]
    }
  ]
}