{
  "image": "Chopin - Etude Op 10 no 11-015",
  "scaled_w": 1237,
  "scaled_h": 1752,
  "stave_count": 2,
  "staves": [
    {
      "lines_px": [
        212,
        222,
        233,
        243,
        253
      ],
      "lines_norm": [
        0.121005,
        0.126712,
        0.132991,
        0.138699,
        0.144406
      ]
    },
    {
      "lines_px": [
        322,
        332,
        342,
        353,
        363
      ],
      "lines_norm": [
        0.18379,
        0.189498,
        0.195205,
        0.201484,
        0.207192
      ]
    }
  ]
}