{
  "image": "Delius - String Quartet mvt III-035",
  "scaled_w": 1237,
  "scaled_h": 1752,
  "stave_count": 4,
  "staves": [
    {
      "lines_px": [
        212,
        222,
        233,
        243,
        253
      ],
      "lines_norm": [
        0.121005,
        0.126712,
        0.132991,
        0.138699,
        0.144406
      ]
    },
    {
      "lines_px": [
        323,
        333,
        344,
        354,
        364
      ],
      "lines_norm": [
        0.184361,
        0.190068,
        0.196347,
        0.202055,
        0.207763
      ]
    },
    {
      "lines_px": [
        464,
        474,
        484,
        495,
        505
      ],
      "lines_norm": [
        0.26484,
        0.270548,
        0.276256,
        0.282534,
        0.288242
      ]
    },
    {
      "lines_px": [
        598,
        608,
        618,
        629,
        639
      ],
      "lines_norm": [
        0.341324,
        0.347032,
        0.35274,
        0.359018,
        0.364726
      ]
    }
  ]
}