{
  "image": "Delius - String Quartet mvt III-024",
  "scaled_w": 1237,
  "scaled_h": 1752,
  "stave_count": 4,
  "staves": [
    {
      "lines_px": [
        212,
        222,
        233,
        243,
        253
      ],
      "lines_norm": [
        0.121005,
        0.126712,
        0.132991,
        0.138699,
        0.144406
      ]
    },
    {
      "lines_px": [
        315,
        326,
        336,
        346,
        357
      ],
      "lines_norm": [
        0.179795,
        0.186073,
        0.191781,
        0.197489,
        0.203767
      ]
    },
    {
      "lines_px": [
        436,
        447,
        457,
        467,
        478
      ],
      "lines_norm": [
        0.248858,
        0.255137,
        0.260845,
        0.266553,
        0.272831
      ]
    },
    {
      "lines_px": [
        540,
        550,
        560,
        571,
        581
      ],
      "lines_norm": [
        0.308219,
        0.313927,
        0.319635,
        0.325913,
        0.331621
      ]
    }
  ]
}