{
  "image": "Delius - String Quartet mvt III-015",
  "scaled_w": 1237,
  "scaled_h": 1752,
  "stave_count": 4,
  "staves": [
    {
      "lines_px": [
        212,
        222,
        233,
        243,
        253
      ],
      "lines_norm": [
        0.121005,
        0.126712,
        0.132991,
        0.138699,
        0.144406
      ]
    },
    {
      "lines_px": [
        315,
        326,
        336,
        346,
        357
      ],
      "lines_norm": [
        0.179795,
        0.186073,
        0.191781,
        0.197489,
        0.203767
      ]
    },
    {
      "lines_px": [
        431,
        441,
        452,
        462,
        472
      ],
      "lines_norm": [
        0.246005,
        0.251712,
        0.257991,
        0.263699,
        0.269406
      ]
    },
    {
      "lines_px": [
        534,
        545,
        555,
        565,
        576
      ],
      "lines_norm": [
        0.304795,
        0.311073,
        0.316781,
        0.322489,
        0.328767
      ]
    }
  ]
}