{
  "image": "Delius - String Quartet mvt III-032",
  "scaled_w": 1237,
  "scaled_h": 1752,
  "stave_count": 4,
  "staves": [
    {
      "lines_px": [
        212,
        222,
        233,
        243,
        253
      ],
      "lines_norm": [
        0.121005,
        0.126712,
        0.132991,
        0.138699,
        0.144406
      ]
    },
    {
      "lines_px": [
        338,
        349,
        359,
        369,
        380
      ],
      "lines_norm": [
        0.192922,
        0.199201,
        0.204909,
        0.210616,
        0.216895
      ]
    },
    {
      "lines_px": [
        472,
        483,
        493,
        503,
        514
      ],
      "lines_norm": [
        0.269406,
        0.275685,
        0.281393,
        0.2871,
        0.293379
      ]
    },
    {
      "lines_px": [
        599,
        609,
        620,
        630,
        640
      ],
      "lines_norm": [
        0.341895,
        0.347603,
        0.353881,
        0.359589,
        0.365297
      ]
    }
  ]
}