{
  "image": "Delius - String Quartet mvt III-033",
  "scaled_w": 1237,
  "scaled_h": 1752,
  "stave_count": 4,
  "staves": [
    {
      "lines_px": [
        212,
        222,
        233,
        243,
        253
      ],
      "lines_norm": [
        0.121005,
        0.126712,
        0.132991,
        0.138699,
        0.144406
      ]
    },
    {
      "lines_px": [
        319,
        329,
        340,
        350,
        360
      ],
      "lines_norm": [
        0.182078,
        0.187785,
        0.194064,
        0.199772,
        0.205479
      ]
    },
    {
      "lines_px": [
        453,
        464,
        474,
        484,
        495
      ],
      "lines_norm": [
        0.258562,
        0.26484,
        0.270548,
        0.276256,
        0.282534
      ]
    },
    {
      "lines_px": [
        582,
        593,
        603,
        613,
        624
      ],
      "lines_norm": [
        0.332192,
        0.33847,
        0.344178,
        0.349886,
        0.356164
      ]
    }
  ]
}