{
  "image": "Delius - String Quartet mvt III-001",
  "scaled_w": 1237,
  "scaled_h": 1752,
  "stave_count": 4,
  "staves": [
    {
      "lines_px": [
        333,
        343,
        353,
        364,
        374
      ],
      "lines_norm": [
        0.190068,
        0.195776,
        0.201484,
        0.207763,
        0.21347
      ]
    },
    {
      "lines_px": [
        436,
        446,
        457,
        467,
        477
      ],
      "lines_norm": [
        0.248858,
        0.254566,
        0.260845,
        0.266553,
        0.27226
      ]
    },
    {
      "lines_px": [
        546,
        557,
        567,
        577,
        588
      ],
      "lines_norm": [
        0.311644,
        0.317922,
        0.32363,
        0.329338,
        0.335616
      ]
    },
    {
      "lines_px": [
        672,
        682,
        693,
        703,
        713
      ],
      "lines_norm": [
        0.383562,
        0.389269,
        0.395548,
        0.401256,
        0.406963
      ]
    }
  ]
}