{
  "image": "Delius - String Quartet mvt III-022",
  "scaled_w": 1237,
  "scaled_h": 1752,
  "stave_count": 4,
  "staves": [
    {
      "lines_px": [
        212,
        222,
        233,
        243,
        253
      ],
      "lines_norm": [
        0.121005,
        0.126712,
        0.132991,
        0.138699,
        0.144406
      ]
    },
    {
      "lines_px": [
        315,
        326,
        336,
        346,
        357
      ],
      "lines_norm": [
        0.179795,
        0.186073,
        0.191781,
        0.197489,
        0.203767
      ]
    },
    {
      "lines_px": [
        425,
        435,
        446,
        456,
        466
      ],
      "lines_norm": [
        0.24258,
        0.248288,
        0.254566,
        0.260274,
        0.265982
      ]
    },
    {
      "lines_px": [
        585,
        596,
        606,
        616,
        627
      ],
      "lines_norm": [
        0.333904,
        0.340183,
        0.34589,
        0.351598,
        0.357877
      ]
    }
  ]
}