{
  "image": "Delius - String Quartet mvt III-029",
  "scaled_w": 1237,
  "scaled_h": 1752,
  "stave_count": 4,
  "staves": [
    {
      "lines_px": [
        212,
        222,
        233,
        243,
        253
      ],
      "lines_norm": [
        0.121005,
        0.126712,
        0.132991,
        0.138699,
        0.144406
      ]
    },
    {
      "lines_px": [
        349,
        359,
        369,
        380,
        390
      ],
      "lines_norm": [
        0.199201,
        0.204909,
        0.210616,
        0.216895,
        0.222603
      ]
    },
    {
      "lines_px": [
        484,
        495,
        505,
        515,
        526
      ],
      "lines_norm": [
        0.276256,
        0.282534,
        0.288242,
        0.29395,
        0.300228
      ]
    },
    {
      "lines_px": [
        619,
        629,
        640,
        650,
        660
      ],
      "lines_norm": [
        0.353311,
        0.359018,
        0.365297,
        0.371005,
        0.376712
      ]
    }
  ]
}