{
  "image": "Delius - String Quartet mvt III-023",
  "scaled_w": 1237,
  "scaled_h": 1752,
  "stave_count": 4,
  "staves": [
    {
      "lines_px": [
        212,
        222,
        233,
        243,
        253
      ],
      "lines_norm": [
        0.121005,
        0.126712,
        0.132991,
        0.138699,
        0.144406
      ]
    },
    {
      "lines_px": [
        315,
        326,
        336,
        346,
        357
      ],
      "lines_norm": [
        0.179795,
        0.186073,
        0.191781,
        0.197489,
        0.203767
      ]
    },
    {
      "lines_px": [
        453,
        463,
        473,
        484,
        494
      ],
      "lines_norm": [
        0.258562,
        0.264269,
        0.269977,
        0.276256,
        0.281963
      ]
    },
    {
      "lines_px": [
        556,
        566,
        577,
        587,
        597
      ],
      "lines_norm": [
        0.317352,
        0.323059,
        0.329338,
        0.335046,
        0.340753
      ]
    }
  ]
}