{
  "image": "Delius - String Quartet mvt III-017",
  "scaled_w": 1237,
  "scaled_h": 1752,
  "stave_count": 4,
  "staves": [
    {
      "lines_px": [
        212,
        222,
        233,
        243,
        253
      ],
      "lines_norm": [
        0.121005,
        0.126712,
        0.132991,
        0.138699,
        0.144406
      ]
    },
    {
      "lines_px": [
        321,
        331,
        341,
        352,
        362
      ],
      "lines_norm": [
        0.183219,
        0.188927,
        0.194635,
        0.200913,
        0.206621
      ]
    },
    {
      "lines_px": [
        430,
        440,
        451,
        461,
        471
      ],
      "lines_norm": [
        0.245434,
        0.251142,
        0.25742,
        0.263128,
        0.268836
      ]
    },
    {
      "lines_px": [
        533,
        544,
        554,
        564,
        575
      ],
      "lines_norm": [
        0.304224,
        0.310502,
        0.31621,
        0.321918,
        0.328196
      ]
    }
  ]
}