{
  "image": "Delius - String Quartet mvt III-030",
  "scaled_w": 1237,
  "scaled_h": 1752,
  "stave_count": 4,
  "staves": [
    {
      "lines_px": [
        212,
        222,
        233,
        243,
        253
      ],
      "lines_norm": [
        0.121005,
        0.126712,
        0.132991,
        0.138699,
        0.144406
      ]
    },
    {
      "lines_px": [
        315,
        326,
        336,
        346,
        357
      ],
      "lines_norm": [
        0.179795,
        0.186073,
        0.191781,
        0.197489,
        0.203767
      ]
    },
    {
      "lines_px": [
        425,
        436,
        446,
        456,
        467
      ],
      "lines_norm": [
        0.24258,
        0.248858,
        0.254566,
        0.260274,
        0.266553
      ]
    },
    {
      "lines_px": [
        552,
        562,
        572,
        583,
        593
      ],
      "lines_norm": [
        0.315068,
        0.320776,
        0.326484,
        0.332763,
        0.33847
      ]
    }
  ]
}