{
  "image": "Delius - String Quartet mvt III-009",
  "scaled_w": 1237,
  "scaled_h": 1752,
  "stave_count": 4,
  "staves": [
    {
      "lines_px": [
        212,
        222,
        233,
        243,
        253
      ],
      "lines_norm": [
        0.121005,
        0.126712,
        0.132991,
        0.138699,
        0.144406
      ]
    },
    {
      "lines_px": [
        315,
        326,
        336,
        346,
        357
      ],
      "lines_norm": [
        0.179795,
        0.186073,
        0.191781,
        0.197489,
        0.203767
      ]
    },
    {
      "lines_px": [
        436,
        446,
        456,
        467,
        477
      ],
      "lines_norm": [
        0.248858,
        0.254566,
        0.260274,
        0.266553,
        0.27226
      ]
    },
    {
      "lines_px": [
        539,
        549,
        560,
        570,
        580
      ],
      "lines_norm": [
        0.307648,
        0.313356,
        0.319635,
        0.325342,
        0.33105
      ]
    }
  ]
}