{
  "image": "Haydn - Piano Trio 27 mvt I-050",
  "scaled_w": 1237,
  "scaled_h": 1752,
  "stave_count": 4,
  "staves": [
    {
      "lines_px": [
        212,
        222,
        233,
        243,
        253
      ],
      "lines_norm": [
        0.121005,
        0.126712,
        0.132991,
        0.138699,
        0.144406
      ]
    },
    {
      "lines_px": [
        363,
        373,
        384,
        394,
        404
      ],
      "lines_norm": [
        0.207192,
        0.2129,
        0.219178,
        0.224886,
        0.230594
      ]
    },
    {
      "lines_px": [
        487,
        497,
        508,
        518,
        528
      ],
      "lines_norm": [
        0.277968,
        0.283676,
        0.289954,
        0.295662,
        0.30137
      ]
    },
    {
      "lines_px": [
        620,
        631,
        641,
        651,
        662
      ],
      "lines_norm": [
        0.353881,
        0.36016,
        0.365868,
        0.371575,
        0.377854
      ]
    }
  ]
}