{
  "image": "Haydn - Piano Trio 27 mvt I-041",
  "scaled_w": 1237,
  "scaled_h": 1752,
  "stave_count": 4,
  "staves": [
    {
      "lines_px": [
        212,
        222,
        233,
        243,
        253
      ],
      "lines_norm": [
        0.121005,
        0.126712,
        0.132991,
        0.138699,
        0.144406
      ]
    },
    {
      "lines_px": [
        315,
        326,
        336,
        346,
        357
      ],
      "lines_norm": [
        0.179795,
        0.186073,
        0.191781,
        0.197489,
        0.203767
      ]
    },
    {
      "lines_px": [
        447,
        458,
        468,
        478,
        489
      ],
      "lines_norm": [
        0.255137,
        0.261416,
        0.267123,
        0.272831,
        0.27911
      ]
    },
    {
      "lines_px": [
        556,
        567,
        577,
        587,
        598
      ],
      "lines_norm": [
        0.317352,
        0.32363,
        0.329338,
        0.335046,
        0.341324
      ]
    }
  ]
}