{
  "image": "Haydn - Piano Trio 27 mvt I-049",
  "scaled_w": 1237,
  "scaled_h": 1752,
  "stave_count": 4,
  "staves": [
    {
      "lines_px": [
        212,
        222,
        233,
        243,
        253
      ],
      "lines_norm": [
        0.121005,
        0.126712,
        0.132991,
        0.138699,
        0.144406
      ]
    },
    {
      "lines_px": [
        346,
        356,
        366,
        377,
        387
      ],
      "lines_norm": [
        0.197489,
        0.203196,
        0.208904,
        0.215183,
        0.22089
      ]
    },
    {
      "lines_px": [
        474,
        484,
        494,
        505,
        515
      ],
      "lines_norm": [
        0.270548,
        0.276256,
        0.281963,
        0.288242,
        0.29395
      ]
    },
    {
      "lines_px": [
        578,
        588,
        599,
        609,
        619
      ],
      "lines_norm": [
        0.329909,
        0.335616,
        0.341895,
        0.347603,
        0.353311
      ]
    }
  ]
}