{
  "image": "Haydn - Piano Trio 27 mvt I-003",
  "scaled_w": 1237,
  "scaled_h": 1752,
  "stave_count": 4,
  "staves": [
    {
      "lines_px": [
        212,
        222,
        233,
        243,
        253
      ],
      "lines_norm": [
        0.121005,
        0.126712,
        0.132991,
        0.138699,
        0.144406
      ]
    },
    {
      "lines_px": [
        348,
        359,
        369,
        379,
        390
      ],
      "lines_norm": [
        0.19863,
        0.204909,
        0.210616,
        0.216324,
        0.222603
      ]
    },
    {
      "lines_px": [
        472,
        483,
        493,
        503,
        514
      ],
      "lines_norm": [
        0.269406,
        0.275685,
        0.281393,
        0.2871,
        0.293379
      ]
    },
    {
      "lines_px": [
        602,
        613,
        623,
        633,
        644
      ],
      "lines_norm": [
        0.343607,
        0.349886,
        0.355594,
        0.361301,
        0.36758
      ]
    }
  ]
}