{
  "image": "Haydn - Piano Trio 27 mvt I-032",
  "scaled_w": 1237,
  "scaled_h": 1752,
  "stave_count": 4,
  "staves": [
    {
      "lines_px": [
        212,
        222,
        233,
        243,
        253
      ],
      "lines_norm": [
        0.121005,
        0.126712,
        0.132991,
        0.138699,
        0.144406
      ]
    },
    {
      "lines_px": [
        323,
        333,
        343,
        354,
        364
      ],
      "lines_norm": [
        0.184361,
        0.190068,
        0.195776,
        0.202055,
        0.207763
      ]
    },
    {
      "lines_px": [
        447,
        457,
        467,
        478,
        488
      ],
      "lines_norm": [
        0.255137,
        0.260845,
        0.266553,
        0.272831,
        0.278539
      ]
    },
    {
      "lines_px": [
        565,
        575,
        586,
        596,
        606
      ],
      "lines_norm": [
        0.322489,
        0.328196,
        0.334475,
        0.340183,
        0.34589
      ]
    }
  ]
}