{
  "image": "Haydn - Piano Trio 27 mvt I-054",
  "scaled_w": 1237,
  "scaled_h": 1752,
  "stave_count": 4,
  "staves": [
    {
      "lines_px": [
        212,
        222,
        233,
        243,
        253
      ],
      "lines_norm": [
        0.121005,
        0.126712,
        0.132991,
        0.138699,
        0.144406
      ]
    },
    {
      "lines_px": [
        315,
        326,
        336,
        346,
        357
      ],
      "lines_norm": [
        0.179795,
        0.186073,
        0.191781,
        0.197489,
        0.203767
      ]
    },
    {
      "lines_px": [
        468,
        478,
        489,
        499,
        509
      ],
      "lines_norm": [
        0.267123,
        0.272831,
        0.27911,
        0.284817,
        0.290525
      ]
    },
    {
      "lines_px": [
        571,
        582,
        592,
        602,
        613
      ],
      "lines_norm": [
        0.325913,
        0.332192,
        0.3379,
        0.343607,
        0.349886
      ]
    }
  ]
}