{
  "image": "Haydn - Piano Trio 27 mvt I-035",
  "scaled_w": 1237,
  "scaled_h": 1752,
  "stave_count": 4,
  "staves": [
    {
      "lines_px": [
        212,
        222,
        233,
        243,
        253
      ],
      "lines_norm": [
        0.121005,
        0.126712,
        0.132991,
        0.138699,
        0.144406
      ]
    },
    {
      "lines_px": [
        331,
        341,
        351,
        362,
        372
      ],
      "lines_norm": [
        0.188927,
        0.194635,
        0.200342,
        0.206621,
        0.212329
      ]
    },
    {
      "lines_px": [
        455,
        465,
        475,
        486,
        496
      ],
      "lines_norm": [
        0.259703,
        0.265411,
        0.271119,
        0.277397,
        0.283105
      ]
    },
    {
      "lines_px": [
        573,
        584,
        594,
        604,
        615
      ],
      "lines_norm": [
        0.327055,
        0.333333,
        0.339041,
        0.344749,
        0.351027
      ]
    }
  ]
}