{
  "image": "Haydn - Piano Trio 27 mvt I-027",
  "scaled_w": 1237,
  "scaled_h": 1752,
  "stave_count": 4,
  "staves": [
    {
      "lines_px": [
        212,
        222,
        233,
        243,
        253
      ],
      "lines_norm": [
        0.121005,
        0.126712,
        0.132991,
        0.138699,
        0.144406
      ]
    },
    {
      "lines_px": [
        329,
        339,
        349,
        360,
        370
      ],
      "lines_norm": [
        0.187785,
        0.193493,
        0.199201,
        0.205479,
        0.211187
      ]
    },
    {
      "lines_px": [
        453,
        463,
        473,
        484,
        494
      ],
      "lines_norm": [
        0.258562,
        0.264269,
        0.269977,
        0.276256,
        0.281963
      ]
    },
    {
      "lines_px": [
        557,
        567,
        578,
        588,
        598
      ],
      "lines_norm": [
        0.317922,
        0.32363,
        0.329909,
        0.335616,
        0.341324
      ]
    }
  ]
}