{
  "image": "Haydn - Piano Trio 27 mvt I-023",
  "scaled_w": 1237,
  "scaled_h": 1752,
  "stave_count": 4,
  "staves": [
    {
      "lines_px": [
        212,
        222,
        233,
        243,
        253
      ],
      "lines_norm": [
        0.121005,
        0.126712,
        0.132991,
        0.138699,
        0.144406
      ]
    },
    {
      "lines_px": [
        320,
        330,
        341,
        351,
        361
      ],
      "lines_norm": [
        0.182648,
        0.188356,
        0.194635,
        0.200342,
        0.20605
      ]
    },
    {
      "lines_px": [
        444,
        454,
        465,
        475,
        485
      ],
      "lines_norm": [
        0.253425,
        0.259132,
        0.265411,
        0.271119,
        0.276826
      ]
    },
    {
      "lines_px": [
        547,
        558,
        568,
        578,
        589
      ],
      "lines_norm": [
        0.312215,
        0.318493,
        0.324201,
        0.329909,
        0.336187
      ]
    }
  ]
}