{
  "image": "Haydn - Piano Trio 27 mvt I-028",
  "scaled_w": 1237,
  "scaled_h": 1752,
  "stave_count": 4,
  "staves": [
    {
      "lines_px": [
        212,
        222,
        233,
        243,
        253
      ],
      "lines_norm": [
        0.121005,
        0.126712,
        0.132991,
        0.138699,
        0.144406
      ]
    },
    {
      "lines_px": [
        322,
        332,
        342,
        353,
        363
      ],
      "lines_norm": [
        0.18379,
        0.189498,
        0.195205,
        0.201484,
        0.207192
      ]
    },
    {
      "lines_px": [
        472,
        483,
        493,
        503,
        514
      ],
      "lines_norm": [
        0.269406,
        0.275685,
        0.281393,
        0.2871,
        0.293379
      ]
    },
    {
      "lines_px": [
        613,
        624,
        634,
        644,
        655
      ],
      "lines_norm": [
        0.349886,
        0.356164,
        0.361872,
        0.36758,
        0.373858
      ]
    }
  ]
}