{
  "image": "Haydn - Piano Trio 27 mvt I-019",
  "scaled_w": 1237,
  "scaled_h": 1752,
  "stave_count": 4,
  "staves": [
    {
      "lines_px": [
        212,
        222,
        233,
        243,
        253
      ],
      "lines_norm": [
        0.121005,
        0.126712,
        0.132991,
        0.138699,
        0.144406
      ]
    },
    {
      "lines_px": [
        325,
        335,
        346,
        356,
        366
      ],
      "lines_norm": [
        0.185502,
        0.19121,
        0.197489,
        0.203196,
        0.208904
      ]
    },
    {
      "lines_px": [
        449,
        459,
        470,
        480,
        490
      ],
      "lines_norm": [
        0.256279,
        0.261986,
        0.268265,
        0.273973,
        0.27968
      ]
    },
    {
      "lines_px": [
        587,
        597,
        608,
        618,
        628
      ],
      "lines_norm": [
        0.335046,
        0.340753,
        0.347032,
        0.35274,
        0.358447
      ]
    }
  ]
}