{
  "image": "Haydn - Piano Trio 27 mvt I-034",
  "scaled_w": 1237,
  "scaled_h": 1752,
  "stave_count": 4,
  "staves": [
    {
      "lines_px": [
        212,
        222,
        233,
        243,
        253
      ],
      "lines_norm": [
        0.121005,
        0.126712,
        0.132991,
        0.138699,
        0.144406
      ]
    },
    {
      "lines_px": [
        324,
        335,
        345,
        355,
        366
      ],
      "lines_norm": [
        0.184932,
        0.19121,
        0.196918,
        0.202626,
        0.208904
      ]
    },
    {
      "lines_px": [
        448,
        459,
        469,
        479,
        490
      ],
      "lines_norm": [
        0.255708,
        0.261986,
        0.267694,
        0.273402,
        0.27968
      ]
    },
    {
      "lines_px": [
        553,
        563,
        574,
        584,
        594
      ],
      "lines_norm": [
        0.315639,
        0.321347,
        0.327626,
        0.333333,
        0.339041
      ]
    }
  ]
}