{
  "image": "Haydn - Piano Trio 27 mvt I-016",
  "scaled_w": 1237,
  "scaled_h": 1752,
  "stave_count": 4,
  "staves": [
    {
      "lines_px": [
        212,
        222,
        233,
        243,
        253
      ],
      "lines_norm": [
        0.121005,
        0.126712,
        0.132991,
        0.138699,
        0.144406
      ]
    },
    {
      "lines_px": [
        333,
        343,
        353,
        364,
        374
      ],
      "lines_norm": [
        0.190068,
        0.195776,
        0.201484,
        0.207763,
        0.21347
      ]
    },
    {
      "lines_px": [
        457,
        467,
        477,
        488,
        498
      ],
      "lines_norm": [
        0.260845,
        0.266553,
        0.27226,
        0.278539,
        0.284247
      ]
    },
    {
      "lines_px": [
        570,
        580,
        590,
        601,
        611
      ],
      "lines_norm": [
        0.325342,
        0.33105,
        0.336758,
        0.343037,
        0.348744
      ]
    }
  ]
}