{
  "image": "Haydn - Piano Trio 27 mvt I-007",
  "scaled_w": 1237,
  "scaled_h": 1752,
  "stave_count": 4,
  "staves": [
    {
      "lines_px": [
        212,
        222,
        233,
        243,
        253
      ],
      "lines_norm": [
        0.121005,
        0.126712,
        0.132991,
        0.138699,
        0.144406
      ]
    },
    {
      "lines_px": [
        321,
        331,
        342,
        352,
        362
      ],
      "lines_norm": [
        0.183219,
        0.188927,
        0.195205,
        0.200913,
        0.206621
      ]
    },
    {
      "lines_px": [
        445,
        455,
        466,
        476,
        486
      ],
      "lines_norm": [
        0.253995,
        0.259703,
        0.265982,
        0.271689,
        0.277397
      ]
    },
    {
      "lines_px": [
        548,
        559,
        569,
        579,
        590
      ],
      "lines_norm": [
        0.312785,
        0.319064,
        0.324772,
        0.330479,
        0.336758
      ]
    }
  ]
}