{
  "image": "Haydn - Piano Trio 27 mvt I-015",
  "scaled_w": 1237,
  "scaled_h": 1752,
  "stave_count": 4,
  "staves": [
    {
      "lines_px": [
        212,
        222,
        233,
        243,
        253
      ],
      "lines_norm": [
        0.121005,
        0.126712,
        0.132991,
        0.138699,
        0.144406
      ]
    },
    {
      "lines_px": [
        318,
        329,
        339,
        349,
        360
      ],
      "lines_norm": [
        0.181507,
        0.187785,
        0.193493,
        0.199201,
        0.205479
      ]
    },
    {
      "lines_px": [
        442,
        453,
        463,
        473,
        484
      ],
      "lines_norm": [
        0.252283,
        0.258562,
        0.264269,
        0.269977,
        0.276256
      ]
    },
    {
      "lines_px": [
        546,
        556,
        566,
        577,
        587
      ],
      "lines_norm": [
        0.311644,
        0.317352,
        0.323059,
        0.329338,
        0.335046
      ]
    }
  ]
}