{
  "image": "Haydn - Piano Trio 27 mvt I-033",
  "scaled_w": 1237,
  "scaled_h": 1752,
  "stave_count": 4,
  "staves": [
    {
      "lines_px": [
        212,
        222,
        233,
        243,
        253
      ],
      "lines_norm": [
        0.121005,
        0.126712,
        0.132991,
        0.138699,
        0.144406
      ]
    },
    {
      "lines_px": [
        318,
        328,
        339,
        349,
        359
      ],
      "lines_norm": [
        0.181507,
        0.187215,
        0.193493,
        0.199201,
        0.204909
      ]
    },
    {
      "lines_px": [
        442,
        452,
        463,
        473,
        483
      ],
      "lines_norm": [
        0.252283,
        0.257991,
        0.264269,
        0.269977,
        0.275685
      ]
    },
    {
      "lines_px": [
        571,
        581,
        591,
        602,
        612
      ],
      "lines_norm": [
        0.325913,
        0.331621,
        0.337329,
        0.343607,
        0.349315
      ]
    }
  ]
}