{
  "image": "Haydn - Piano Trio 27 mvt I-045",
  "scaled_w": 1237,
  "scaled_h": 1752,
  "stave_count": 4,
  "staves": [
    {
      "lines_px": [
        212,
        222,
        233,
        243,
        253
      ],
      "lines_norm": [
        0.121005,
        0.126712,
        0.132991,
        0.138699,
        0.144406
      ]
    },
    {
      "lines_px": [
        324,
        334,
        344,
        355,
        365
      ],
      "lines_norm": [
        0.184932,
        0.190639,
        0.196347,
        0.202626,
        0.208333
      ]
    },
    {
      "lines_px": [
        448,
        458,
        468,
        479,
        489
      ],
      "lines_norm": [
        0.255708,
        0.261416,
        0.267123,
        0.273402,
        0.27911
      ]
    },
    {
      "lines_px": [
        577,
        588,
        598,
        608,
        619
      ],
      "lines_norm": [
        0.329338,
        0.335616,
        0.341324,
        0.347032,
        0.353311
      ]
    }
  ]
}