{
  "image": "Haydn - Piano Trio 27 mvt I-014",
  "scaled_w": 1237,
  "scaled_h": 1752,
  "stave_count": 4,
  "staves": [
    {
      "lines_px": [
        212,
        222,
        233,
        243,
        253
      ],
      "lines_norm": [
        0.121005,
        0.126712,
        0.132991,
        0.138699,
        0.144406
      ]
    },
    {
      "lines_px": [
        356,
        366,
        377,
        387,
        397
      ],
      "lines_norm": [
        0.203196,
        0.208904,
        0.215183,
        0.22089,
        0.226598
      ]
    },
    {
      "lines_px": [
        500,
        510,
        521,
        531,
        541
      ],
      "lines_norm": [
        0.285388,
        0.291096,
        0.297374,
        0.303082,
        0.30879
      ]
    },
    {
      "lines_px": [
        603,
        614,
        624,
        634,
        645
      ],
      "lines_norm": [
        0.344178,
        0.350457,
        0.356164,
        0.361872,
        0.368151
      ]
    }
  ]
}