{
  "image": "Haydn - Piano Trio 27 mvt I-044",
  "scaled_w": 1237,
  "scaled_h": 1752,
  "stave_count": 4,
  "staves": [
    {
      "lines_px": [
        212,
        222,
        233,
        243,
        253
      ],
      "lines_norm": [
        0.121005,
        0.126712,
        0.132991,
        0.138699,
        0.144406
      ]
    },
    {
      "lines_px": [
        315,
        326,
        336,
        346,
        357
      ],
      "lines_norm": [
        0.179795,
        0.186073,
        0.191781,
        0.197489,
        0.203767
      ]
    },
    {
      "lines_px": [
        440,
        451,
        461,
        471,
        482
      ],
      "lines_norm": [
        0.251142,
        0.25742,
        0.263128,
        0.268836,
        0.275114
      ]
    },
    {
      "lines_px": [
        545,
        556,
        566,
        576,
        587
      ],
      "lines_norm": [
        0.311073,
        0.317352,
        0.323059,
        0.328767,
        0.335046
      ]
    }
  ]
}