{
  "image": "Haydn - Piano Trio 27 mvt I-006",
  "scaled_w": 1237,
  "scaled_h": 1752,
  "stave_count": 4,
  "staves": [
    {
      "lines_px": [
        212,
        222,
        233,
        243,
        253
      ],
      "lines_norm": [
        0.121005,
        0.126712,
        0.132991,
        0.138699,
        0.144406
      ]
    },
    {
      "lines_px": [
        339,
        350,
        360,
        370,
        381
      ],
      "lines_norm": [
        0.193493,
        0.199772,
        0.205479,
        0.211187,
        0.217466
      ]
    },
    {
      "lines_px": [
        463,
        474,
        484,
        494,
        505
      ],
      "lines_norm": [
        0.264269,
        0.270548,
        0.276256,
        0.281963,
        0.288242
      ]
    },
    {
      "lines_px": [
        599,
        609,
        619,
        630,
        640
      ],
      "lines_norm": [
        0.341895,
        0.347603,
        0.353311,
        0.359589,
        0.365297
      ]
    }
  ]
}