{
  "image": "Haydn - Piano Trio 27 mvt I-022",
  "scaled_w": 1237,
  "scaled_h": 1752,
  "stave_count": 4,
  "staves": [
    {
      "lines_px": [
        212,
        222,
        233,
        243,
        253
      ],
      "lines_norm": [
        0.121005,
        0.126712,
        0.132991,
        0.138699,
        0.144406
      ]
    },
    {
      "lines_px": [
        330,
        340,
        350,
        361,
        371
      ],
      "lines_norm": [
        0.188356,
        0.194064,
        0.199772,
        0.20605,
        0.211758
      ]
    },
    {
      "lines_px": [
        454,
        464,
        474,
        485,
        495
      ],
      "lines_norm": [
        0.259132,
        0.26484,
        0.270548,
        0.276826,
        0.282534
      ]
    },
    {
      "lines_px": [
        559,
        569,
        579,
        590,
        600
      ],
      "lines_norm": [
        0.319064,
        0.324772,
        0.330479,
        0.336758,
        0.342466
      ]
    }
  ]
}