{
  "image": "Haydn - Piano Trio 27 mvt I-024",
  "scaled_w": 1237,
  "scaled_h": 1752,
  "stave_count": 4,
  "staves": [
    {
      "lines_px": [
        212,
        222,
        233,
        243,
        253
      ],
      "lines_norm": [
        0.121005,
        0.126712,
        0.132991,
        0.138699,
        0.144406
      ]
    },
    {
      "lines_px": [
        333,
        343,
        354,
        364,
        374
      ],
      "lines_norm": [
        0.190068,
        0.195776,
        0.202055,
        0.207763,
        0.21347
      ]
    },
    {
      "lines_px": [
        477,
        487,
        497,
        508,
        518
      ],
      "lines_norm": [
        0.27226,
        0.277968,
        0.283676,
        0.289954,
        0.295662
      ]
    },
    {
      "lines_px": [
        580,
        590,
        601,
        611,
        621
      ],
      "lines_norm": [
        0.33105,
        0.336758,
        0.343037,
        0.348744,
        0.354452
      ]
    }
  ]
}