{
  "image": "Haydn - Piano Trio 27 mvt I-011",
  "scaled_w": 1237,
  "scaled_h": 1752,
  "stave_count": 4,
  "staves": [
    {
      "lines_px": [
        212,
        222,
        233,
        243,
        253
      ],
      "lines_norm": [
        0.121005,
        0.126712,
        0.132991,
        0.138699,
        0.144406
      ]
    },
    {
      "lines_px": [
        328,
        338,
        348,
        359,
        369
      ],
      "lines_norm": [
        0.187215,
        0.192922,
        0.19863,
        0.204909,
        0.210616
      ]
    },
    {
      "lines_px": [
        452,
        462,
        472,
        483,
        493
      ],
      "lines_norm": [
        0.257991,
        0.263699,
        0.269406,
        0.275685,
        0.281393
      ]
    },
    {
      "lines_px": [
        575,
        586,
        596,
        606,
        617
      ],
      "lines_norm": [
        0.328196,
        0.334475,
        0.340183,
        0.34589,
        0.352169
      ]
    }
  ]
}