{
  "image": "Haydn - Piano Trio 27 mvt I-051",
  "scaled_w": 1237,
  "scaled_h": 1752,
  "stave_count": 4,
  "staves": [
    {
      "lines_px": [
        212,
        222,
        233,
        243,
        253
      ],
      "lines_norm": [
        0.121005,
        0.126712,
        0.132991,
        0.138699,
        0.144406
      ]
    },
    {
      "lines_px": [
        335,
        345,
        355,
        366,
        376
      ],
      "lines_norm": [
        0.19121,
        0.196918,
        0.202626,
        0.208904,
        0.214612
      ]
    },
    {
      "lines_px": [
        459,
        469,
        479,
        490,
        500
      ],
      "lines_norm": [
        0.261986,
        0.267694,
        0.273402,
        0.27968,
        0.285388
      ]
    },
    {
      "lines_px": [
        563,
        574,
        584,
        594,
        605
      ],
      "lines_norm": [
        0.321347,
        0.327626,
        0.333333,
        0.339041,
        0.34532
      ]
    }
  ]
}