{
  "image": "Haydn - Piano Trio 27 mvt I-025",
  "scaled_w": 1237,
  "scaled_h": 1752,
  "stave_count": 4,
  "staves": [
    {
      "lines_px": [
        212,
        222,
        233,
        243,
        253
      ],
      "lines_norm": [
        0.121005,
        0.126712,
        0.132991,
        0.138699,
        0.144406
      ]
    },
    {
      "lines_px": [
        385,
        396,
        406,
        416,
        427
      ],
      "lines_norm": [
        0.219749,
        0.226027,
        0.231735,
        0.237443,
        0.243721
      ]
    },
    {
      "lines_px": [
        515,
        526,
        536,
        546,
        557
      ],
      "lines_norm": [
        0.29395,
        0.300228,
        0.305936,
        0.311644,
        0.317922
      ]
    },
    {
      "lines_px": [
        619,
        629,
        639,
        650,
        660
      ],
      "lines_norm": [
        0.353311,
        0.359018,
        0.364726,
        0.371005,
        0.376712
      ]
    }
  ]
}