{
  "image": "Haydn - Piano Trio 27 mvt I-001",
  "scaled_w": 1237,
  "scaled_h": 1752,
  "stave_count": 4,
  "staves": [
    {
      "lines_px": [
        333,
        343,
        353,
        364,
        374
      ],
      "lines_norm": [
        0.190068,
        0.195776,
        0.201484,
        0.207763,
        0.21347
      ]
    },
    {
      "lines_px": [
        445,
        455,
        465,
        476,
        486
      ],
      "lines_norm": [
        0.253995,
        0.259703,
        0.265411,
        0.271689,
        0.277397
      ]
    },
    {
      "lines_px": [
        569,
        579,
        589,
        600,
        610
      ],
      "lines_norm": [
        0.324772,
        0.330479,
        0.336187,
        0.342466,
        0.348174
      ]
    },
    {
      "lines_px": [
        698,
        709,
        719,
        729,
        740
      ],
      "lines_norm": [
        0.398402,
        0.40468,
        0.410388,
        0.416096,
        0.422374
      ]
    }
  ]
}