{
  "image": "Haydn - Piano Trio 27 mvt I-047",
  "scaled_w": 1237,
  "scaled_h": 1752,
  "stave_count": 4,
  "staves": [
    {
      "lines_px": [
        212,
        222,
        233,
        243,
        253
      ],
      "lines_norm": [
        0.121005,
        0.126712,
        0.132991,
        0.138699,
        0.144406
      ]
    },
    {
      "lines_px": [
        340,
        350,
        361,
        371,
        381
      ],
      "lines_norm": [
        0.194064,
        0.199772,
        0.20605,
        0.211758,
        0.217466
      ]
    },
    {
      "lines_px": [
        464,
        474,
        485,
        495,
        505
      ],
      "lines_norm": [
        0.26484,
        0.270548,
        0.276826,
        0.282534,
        0.288242
      ]
    },
    {
      "lines_px": [
        594,
        604,
        615,
        625,
        635
      ],
      "lines_norm": [
        0.339041,
        0.344749,
        0.351027,
        0.356735,
        0.362443
      ]
    }
  ]
}