{
  "image": "Haydn - Piano Trio 27 mvt I-039",
  "scaled_w": 1237,
  "scaled_h": 1752,
  "stave_count": 4,
  "staves": [
    {
      "lines_px": [
        212,
        222,
        233,
        243,
        253
      ],
      "lines_norm": [
        0.121005,
        0.126712,
        0.132991,
        0.138699,
        0.144406
      ]
    },
    {
      "lines_px": [
        323,
        333,
        344,
        354,
        364
      ],
      "lines_norm": [
        0.184361,
        0.190068,
        0.196347,
        0.202055,
        0.207763
      ]
    },
    {
      "lines_px": [
        447,
        457,
        468,
        478,
        488
      ],
      "lines_norm": [
        0.255137,
        0.260845,
        0.267123,
        0.272831,
        0.278539
      ]
    },
    {
      "lines_px": [
        561,
        571,
        582,
        592,
        602
      ],
      "lines_norm": [
        0.320205,
        0.325913,
        0.332192,
        0.3379,
        0.343607
      ]
    }
  ]
}