{
  "image": "Haydn - Piano Trio 27 mvt I-030",
  "scaled_w": 1237,
  "scaled_h": 1752,
  "stave_count": 4,
  "staves": [
    {
      "lines_px": [
        212,
        222,
        233,
        243,
        253
      ],
      "lines_norm": [
        0.121005,
        0.126712,
        0.132991,
        0.138699,
        0.144406
      ]
    },
    {
      "lines_px": [
        337,
        348,
        358,
        368,
        379
      ],
      "lines_norm": [
        0.192352,
        0.19863,
        0.204338,
        0.210046,
        0.216324
      ]
    },
    {
      "lines_px": [
        461,
        472,
        482,
        492,
        503
      ],
      "lines_norm": [
        0.263128,
        0.269406,
        0.275114,
        0.280822,
        0.2871
      ]
    },
    {
      "lines_px": [
        618,
        628,
        639,
        649,
        659
      ],
      "lines_norm": [
        0.35274,
        0.358447,
        0.364726,
        0.370434,
        0.376142
      ]
    }
  ]
}