{
  "image": "Haydn - Piano Trio 27 mvt I-005",
  "scaled_w": 1237,
  "scaled_h": 1752,
  "stave_count": 4,
  "staves": [
    {
      "lines_px": [
        212,
        222,
        233,
        243,
        253
      ],
      "lines_norm": [
        0.121005,
        0.126712,
        0.132991,
        0.138699,
        0.144406
      ]
    },
    {
      "lines_px": [
        353,
        363,
        373,
        384,
        394
      ],
      "lines_norm": [
        0.201484,
        0.207192,
        0.2129,
        0.219178,
        0.224886
      ]
    },
    {
      "lines_px": [
        481,
        491,
        501,
        512,
        522
      ],
      "lines_norm": [
        0.274543,
        0.280251,
        0.285959,
        0.292237,
        0.297945
      ]
    },
    {
      "lines_px": [
        585,
        595,
        606,
        616,
        626
      ],
      "lines_norm": [
        0.333904,
        0.339612,
        0.34589,
        0.351598,
        0.357306
      ]
    }
  ]
}