{
  "image": "Haydn - Piano Trio 27 mvt I-020",
  "scaled_w": 1237,
  "scaled_h": 1752,
  "stave_count": 4,
  "staves": [
    {
      "lines_px": [
        212,
        222,
        233,
        243,
        253
      ],
      "lines_norm": [
        0.121005,
        0.126712,
        0.132991,
        0.138699,
        0.144406
      ]
    },
    {
      "lines_px": [
        315,
        326,
        336,
        346,
        357
      ],
      "lines_norm": [
        0.179795,
        0.186073,
        0.191781,
        0.197489,
        0.203767
      ]
    },
    {
      "lines_px": [
        439,
        450,
        460,
        470,
        481
      ],
      "lines_norm": [
        0.250571,
        0.256849,
        0.262557,
        0.268265,
        0.274543
      ]
    },
    {
      "lines_px": [
        582,
        592,
        603,
        613,
        623
      ],
      "lines_norm": [
        0.332192,
        0.3379,
        0.344178,
        0.349886,
        0.355594
      ]
    }
  ]
}