{
  "image": "Haydn - Piano Trio 27 mvt I-055",
  "scaled_w": 1237,
  "scaled_h": 1752,
  "stave_count": 4,
  "staves": [
    {
      "lines_px": [
        212,
        222,
        233,
        243,
        253
      ],
      "lines_norm": [
        0.121005,
        0.126712,
        0.132991,
        0.138699,
        0.144406
      ]
    },
    {
      "lines_px": [
        319,
        329,
        340,
        350,
        360
      ],
      "lines_norm": [
        0.182078,
        0.187785,
        0.194064,
        0.199772,
        0.205479
      ]
    },
    {
      "lines_px": [
        459,
        469,
        479,
        490,
        500
      ],
      "lines_norm": [
        0.261986,
        0.267694,
        0.273402,
        0.27968,
        0.285388
      ]
    },
    {
      "lines_px": [
        562,
        572,
        583,
        593,
        603
      ],
      "lines_norm": [
        0.320776,
        0.326484,
        0.332763,
        0.33847,
        0.344178
      ]
    }
  ]
}