{
  "image": "Janacek - 1X1905 mvt 2-027",
  "scaled_w": 1237,
  "scaled_h": 1752,
  "stave_count": 2,
  "staves": [
    {
      "lines_px": [
        212,
        222,
        233,
        243,
        253
      ],
      "lines_norm": [
        0.121005,
        0.126712,
        0.132991,
        0.138699,
        0.144406
      ]
    },
    {
      "lines_px": [
        320,
        331,
        341,
        351,
        362
      ],
      "lines_norm": [
        0.182648,
        0.188927,
        0.194635,
        0.200342,
        0.206621
      ]
    }
  ]
}