{
  "image": "Janacek - 1X1905 mvt 2-010",
  "scaled_w": 1237,
  "scaled_h": 1752,
  "stave_count": 2,
  "staves": [
    {
      "lines_px": [
        212,
        222,
        233,
        243,
        253
      ],
      "lines_norm": [
        0.121005,
        0.126712,
        0.132991,
        0.138699,
        0.144406
      ]
    },
    {
      "lines_px": [
        367,
        378,
        388,
        398,
        409
      ],
      "lines_norm": [
        0.209475,
        0.215753,
        0.221461,
        0.227169,
        0.233447
      ]
    }
  ]
}