{
  "image": "Mendelssohn - Songs Without Words 17-029",
  "scaled_w": 1237,
  "scaled_h": 1752,
  "stave_count": 2,
  "staves": [
    {
      "lines_px": [
        212,
        222,
        233,
        243,
        253
      ],
      "lines_norm": [
        0.121005,
        0.126712,
        0.132991,
        0.138699,
        0.144406
      ]
    },
    {
      "lines_px": [
        373,
        384,
        394,
        404,
        415
      ],
      "lines_norm": [
        0.2129,
        0.219178,
        0.224886,
        0.230594,
        0.236872
      ]
    }
  ]
}