{
  "image": "Mendelssohn - Songs Without Words 17-043",
  "scaled_w": 1237,
  "scaled_h": 1752,
  "stave_count": 2,
  "staves": [
    {
      "lines_px": [
        212,
        222,
        233,
        243,
        253
      ],
      "lines_norm": [
        0.121005,
        0.126712,
        0.132991,
        0.138699,
        0.144406
      ]
    },
    {
      "lines_px": [
        333,
        344,
        354,
        364,
        375
      ],
      "lines_norm": [
        0.190068,
        0.196347,
        0.202055,
        0.207763,
        0.214041
      ]
    }
  ]
}