{
  "image": "Mendelssohn - Songs Without Words 17-001",
  "scaled_w": 1237,
  "scaled_h": 1752,
  "stave_count": 2,
  "staves": [
    {
      "lines_px": [
        333,
        343,
        353,
        364,
        374
      ],
      "lines_norm": [
        0.190068,
        0.195776,
        0.201484,
        0.207763,
        0.21347
      ]
    },
    {
      "lines_px": [
        449,
        459,
        470,
        480,
        490
      ],
      "lines_norm": [
        0.256279,
        0.261986,
        0.268265,
        0.273973,
        0.27968
      ]
    }
  ]
}