{
  "image": "Reger - Introduction-026",
  "scaled_w": 1237,
  "scaled_h": 1752,
  "stave_count": 4,
  "staves": [
    {
      "lines_px": [
        212,
        222,
        233,
        243,
        253
      ],
      "lines_norm": [
        0.121005,
        0.126712,
        0.132991,
        0.138699,
        0.144406
      ]
    },
    {
      "lines_px": [
        344,
        355,
        365,
        375,
        386
      ],
      "lines_norm": [
        0.196347,
        0.202626,
        0.208333,
        0.214041,
        0.22032
      ]
    },
    {
      "lines_px": [
        478,
        488,
        498,
        509,
        519
      ],
      "lines_norm": [
        0.272831,
        0.278539,
        0.284247,
        0.290525,
        0.296233
      ]
    },
    {
      "lines_px": [
        638,
        649,
        659,
        669,
        680
      ],
      "lines_norm": [
        0.364155,
        0.370434,
        0.376142,
        0.381849,
        0.388128
      ]
    }
  ]
}