{
  "image": "Reger - Improvisationen 4-005",
  "scaled_w": 1237,
  "scaled_h": 1752,
  "stave_count": 2,
  "staves": [
    {
      "lines_px": [
        212,
        222,
        233,
        243,
        253
      ],
      "lines_norm": [
        0.121005,
        0.126712,
        0.132991,
        0.138699,
        0.144406
      ]
    },
    {
      "lines_px": [
        415,
        425,
        436,
        446,
        456
      ],
      "lines_norm": [
        0.236872,
        0.24258,
        0.248858,
        0.254566,
        0.260274
      ]
    }
  ]
}