{
  "image": "Reger - Introduction-013",
  "scaled_w": 1237,
  "scaled_h": 1752,
  "stave_count": 4,
  "staves": [
    {
      "lines_px": [
        212,
        222,
        233,
        243,
        253
      ],
      "lines_norm": [
        0.121005,
        0.126712,
        0.132991,
        0.138699,
        0.144406
      ]
    },
    {
      "lines_px": [
        357,
        367,
        377,
        388,
        398
      ],
      "lines_norm": [
        0.203767,
        0.209475,
        0.215183,
        0.221461,
        0.227169
      ]
    },
    {
      "lines_px": [
        492,
        503,
        513,
        523,
        534
      ],
      "lines_norm": [
        0.280822,
        0.2871,
        0.292808,
        0.298516,
        0.304795
      ]
    },
    {
      "lines_px": [
        671,
        681,
        692,
        702,
        712
      ],
      "lines_norm": [
        0.382991,
        0.388699,
        0.394977,
        0.400685,
        0.406393
      ]
    }
  ]
}