{
  "image": "Reger - Improvisationen 7-010",
  "scaled_w": 1237,
  "scaled_h": 1752,
  "stave_count": 2,
  "staves": [
    {
      "lines_px": [
        212,
        222,
        233,
        243,
        253
      ],
      "lines_norm": [
        0.121005,
        0.126712,
        0.132991,
        0.138699,
        0.144406
      ]
    },
    {
      "lines_px": [
        388,
        399,
        409,
        419,
        430
      ],
      "lines_norm": [
        0.221461,
        0.22774,
        0.233447,
        0.239155,
        0.245434
      ]
    }
  ]
}