{
  "image": "Reger - Introduction-001",
  "scaled_w": 1237,
  "scaled_h": 1752,
  "stave_count": 4,
  "staves": [
    {
      "lines_px": [
        333,
        343,
        353,
        364,
        374
      ],
      "lines_norm": [
        0.190068,
        0.195776,
        0.201484,
        0.207763,
        0.21347
      ]
    },
    {
      "lines_px": [
        488,
        499,
        509,
        519,
        530
      ],
      "lines_norm": [
        0.278539,
        0.284817,
        0.290525,
        0.296233,
        0.302511
      ]
    },
    {
      "lines_px": [
        652,
        662,
        672,
        683,
        693
      ],
      "lines_norm": [
        0.372146,
        0.377854,
        0.383562,
        0.38984,
        0.395548
      ]
    },
    {
      "lines_px": [
        799,
        809,
        819,
        830,
        840
      ],
      "lines_norm": [
        0.45605,
        0.461758,
        0.467466,
        0.473744,
        0.479452
      ]
    }
  ]
}