{
  "image": "Reger - Improvisationen 8-022",
  "scaled_w": 1237,
  "scaled_h": 1752,
  "stave_count": 2,
  "staves": [
    {
      "lines_px": [
        212,
        222,
        233,
        243,
        253
      ],
      "lines_norm": [
        0.121005,
        0.126712,
        0.132991,
        0.138699,
        0.144406
      ]
    },
    {
      "lines_px": [
        459,
        469,
        479,
        490,
        500
      ],
      "lines_norm": [
        0.261986,
        0.267694,
        0.273402,
        0.27968,
        0.285388
      ]
    }
  ]
}