{
  "image": "Reger - Improvisationen 8-038",
  "scaled_w": 1237,
  "scaled_h": 1752,
  "stave_count": 2,
  "staves": [
    {
      "lines_px": [
        212,
        222,
        233,
        243,
        253
      ],
      "lines_norm": [
        0.121005,
        0.126712,
        0.132991,
        0.138699,
        0.144406
      ]
    },
    {
      "lines_px": [
        364,
        374,
        385,
        395,
        405
      ],
      "lines_norm": [
        0.207763,
        0.21347,
        0.219749,
        0.225457,
        0.231164
      ]
    }
  ]
}