{
  "image": "Reger - Introduction-010",
  "scaled_w": 1237,
  "scaled_h": 1752,
  "stave_count": 4,
  "staves": [
    {
      "lines_px": [
        212,
        222,
        233,
        243,
        253
      ],
      "lines_norm": [
        0.121005,
        0.126712,
        0.132991,
        0.138699,
        0.144406
      ]
    },
    {
      "lines_px": [
        344,
        354,
        364,
        375,
        385
      ],
      "lines_norm": [
        0.196347,
        0.202055,
        0.207763,
        0.214041,
        0.219749
      ]
    },
    {
      "lines_px": [
        482,
        493,
        503,
        513,
        524
      ],
      "lines_norm": [
        0.275114,
        0.281393,
        0.2871,
        0.292808,
        0.299087
      ]
    },
    {
      "lines_px": [
        612,
        622,
        633,
        643,
        653
      ],
      "lines_norm": [
        0.349315,
        0.355023,
        0.361301,
        0.367009,
        0.372717
      ]
    }
  ]
}