{
  "image": "Reger - Improvisationen 4-001",
  "scaled_w": 1237,
  "scaled_h": 1752,
  "stave_count": 2,
  "staves": [
    {
      "lines_px": [
        333,
        343,
        353,
        364,
        374
      ],
      "lines_norm": [
        0.190068,
        0.195776,
        0.201484,
        0.207763,
        0.21347
      ]
    },
    {
      "lines_px": [
        486,
        497,
        507,
        517,
        528
      ],
      "lines_norm": [
        0.277397,
        0.283676,
        0.289384,
        0.295091,
        0.30137
      ]
    }
  ]
}