{
  "image": "Reger - Introduction-006",
  "scaled_w": 1237,
  "scaled_h": 1752,
  "stave_count": 4,
  "staves": [
    {
      "lines_px": [
        212,
        222,
        233,
        243,
        253
      ],
      "lines_norm": [
        0.121005,
        0.126712,
        0.132991,
        0.138699,
        0.144406
      ]
    },
    {
      "lines_px": [
        389,
        399,
        409,
        420,
        430
      ],
      "lines_norm": [
        0.222032,
        0.22774,
        0.233447,
        0.239726,
        0.245434
      ]
    },
    {
      "lines_px": [
        528,
        539,
        549,
        559,
        570
      ],
      "lines_norm": [
        0.30137,
        0.307648,
        0.313356,
        0.319064,
        0.325342
      ]
    },
    {
      "lines_px": [
        686,
        697,
        707,
        717,
        728
      ],
      "lines_norm": [
        0.391553,
        0.397831,
        0.403539,
        0.409247,
        0.415525
      ]
    }
  ]
}