{
  "image": "Reger - Improvisationen 8-027",
  "scaled_w": 1237,
  "scaled_h": 1752,
  "stave_count": 2,
  "staves": [
    {
      "lines_px": [
        212,
        222,
        233,
        243,
        253
      ],
      "lines_norm": [
        0.121005,
        0.126712,
        0.132991,
        0.138699,
        0.144406
      ]
    },
    {
      "lines_px": [
        470,
        480,
        491,
        501,
        511
      ],
      "lines_norm": [
        0.268265,
        0.273973,
        0.280251,
        0.285959,
        0.291667
      ]
    }
  ]
}