{
  "image": "Reger - Improvisationen 3-009",
  "scaled_w": 1237,
  "scaled_h": 1752,
  "stave_count": 2,
  "staves": [
    {
      "lines_px": [
        212,
        222,
        233,
        243,
        253
      ],
      "lines_norm": [
        0.121005,
        0.126712,
        0.132991,
        0.138699,
        0.144406
      ]
    },
    {
      "lines_px": [
        363,
        374,
        384,
        394,
        405
      ],
      "lines_norm": [
        0.207192,
        0.21347,
        0.219178,
        0.224886,
        0.231164
      ]
    }
  ]
}