{
  "image": "Reger - Improvisationen 8-030",
  "scaled_w": 1237,
  "scaled_h": 1752,
  "stave_count": 2,
  "staves": [
    {
      "lines_px": [
        212,
        222,
        233,
        243,
        253
      ],
      "lines_norm": [
        0.121005,
        0.126712,
        0.132991,
        0.138699,
        0.144406
      ]
    },
    {
      "lines_px": [
        401,
        411,
        422,
        432,
        442
      ],
      "lines_norm": [
        0.228881,
        0.234589,
        0.240868,
        0.246575,
        0.252283
      ]
    }
  ]
}