{
  "image": "Reger - Improvisationen 8-023",
  "scaled_w": 1237,
  "scaled_h": 1752,
  "stave_count": 2,
  "staves": [
    {
      "lines_px": [
        212,
        222,
        233,
        243,
        253
      ],
      "lines_norm": [
        0.121005,
        0.126712,
        0.132991,
        0.138699,
        0.144406
      ]
    },
    {
      "lines_px": [
        539,
        549,
        560,
        570,
        580
      ],
      "lines_norm": [
        0.307648,
        0.313356,
        0.319635,
        0.325342,
        0.33105
      ]
    }
  ]
}