{
  "image": "Reger - Introduction-009",
  "scaled_w": 1237,
  "scaled_h": 1752,
  "stave_count": 4,
  "staves": [
    {
      "lines_px": [
        212,
        222,
        233,
        243,
        253
      ],
      "lines_norm": [
        0.121005,
        0.126712,
        0.132991,
        0.138699,
        0.144406
      ]
    },
    {
      "lines_px": [
        341,
        351,
        362,
        372,
        382
      ],
      "lines_norm": [
        0.194635,
        0.200342,
        0.206621,
        0.212329,
        0.218037
      ]
    },
    {
      "lines_px": [
        498,
        508,
        519,
        529,
        539
      ],
      "lines_norm": [
        0.284247,
        0.289954,
        0.296233,
        0.301941,
        0.307648
      ]
    },
    {
      "lines_px": [
        601,
        612,
        622,
        632,
        643
      ],
      "lines_norm": [
        0.343037,
        0.349315,
        0.355023,
        0.360731,
        0.367009
      ]
    }
  ]
}