{
  "image": "Reger - Improvisationen 8-026",
  "scaled_w": 1237,
  "scaled_h": 1752,
  "stave_count": 2,
  "staves": [
    {
      "lines_px": [
        212,
        222,
        233,
        243,
        253
      ],
      "lines_norm": [
        0.121005,
        0.126712,
        0.132991,
        0.138699,
        0.144406
      ]
    },
    {
      "lines_px": [
        476,
        487,
        497,
        507,
        518
      ],
      "lines_norm": [
        0.271689,
        0.277968,
        0.283676,
        0.289384,
        0.295662
      ]
    }
  ]
}