{
  "image": "Reger - Improvisationen 3-003",
  "scaled_w": 1237,
  "scaled_h": 1752,
  "stave_count": 2,
  "staves": [
    {
      "lines_px": [
        212,
        222,
        233,
        243,
        253
      ],
      "lines_norm": [
        0.121005,
        0.126712,
        0.132991,
        0.138699,
        0.144406
      ]
    },
    {
      "lines_px": [
        345,
        356,
        366,
        376,
        387
      ],
      "lines_norm": [
        0.196918,
        0.203196,
        0.208904,
        0.214612,
        0.22089
      ]
    }
  ]
}