{
  "image": "Reger - Improvisationen 8-021",
  "scaled_w": 1237,
  "scaled_h": 1752,
  "stave_count": 2,
  "staves": [
    {
      "lines_px": [
        212,
        222,
        233,
        243,
        253
      ],
      "lines_norm": [
        0.121005,
        0.126712,
        0.132991,
        0.138699,
        0.144406
      ]
    },
    {
      "lines_px": [
        432,
        442,
        453,
        463,
        473
      ],
      "lines_norm": [
        0.246575,
        0.252283,
        0.258562,
        0.264269,
        0.269977
      ]
    }
  ]
}