{
  "image": "Reger - Introduction-015",
  "scaled_w": 1237,
  "scaled_h": 1752,
  "stave_count": 4,
  "staves": [
    {
      "lines_px": [
        212,
        222,
        233,
        243,
        253
      ],
      "lines_norm": [
        0.121005,
        0.126712,
        0.132991,
        0.138699,
        0.144406
      ]
    },
    {
      "lines_px": [
        347,
        357,
        368,
        378,
        388
      ],
      "lines_norm": [
        0.198059,
        0.203767,
        0.210046,
        0.215753,
        0.221461
      ]
    },
    {
      "lines_px": [
        529,
        539,
        549,
        560,
        570
      ],
      "lines_norm": [
        0.301941,
        0.307648,
        0.313356,
        0.319635,
        0.325342
      ]
    },
    {
      "lines_px": [
        687,
        697,
        707,
        718,
        728
      ],
      "lines_norm": [
        0.392123,
        0.397831,
        0.403539,
        0.409817,
        0.415525
      ]
    }
  ]
}