{
  "image": "Reger - Introduction-022",
  "scaled_w": 1237,
  "scaled_h": 1752,
  "stave_count": 4,
  "staves": [
    {
      "lines_px": [
        212,
        222,
        233,
        243,
        253
      ],
      "lines_norm": [
        0.121005,
        0.126712,
        0.132991,
        0.138699,
        0.144406
      ]
    },
    {
      "lines_px": [
        381,
        392,
        402,
        412,
        423
      ],
      "lines_norm": [
        0.217466,
        0.223744,
        0.229452,
        0.23516,
        0.241438
      ]
    },
    {
      "lines_px": [
        556,
        566,
        576,
        587,
        597
      ],
      "lines_norm": [
        0.317352,
        0.323059,
        0.328767,
        0.335046,
        0.340753
      ]
    },
    {
      "lines_px": [
        698,
        709,
        719,
        729,
        740
      ],
      "lines_norm": [
        0.398402,
        0.40468,
        0.410388,
        0.416096,
        0.422374
      ]
    }
  ]
}