{
  "image": "Reger - Improvisationen 8-002",
  "scaled_w": 1237,
  "scaled_h": 1752,
  "stave_count": 2,
  "staves": [
    {
      "lines_px": [
        212,
        222,
        233,
        243,
        253
      ],
      "lines_norm": [
        0.121005,
        0.126712,
        0.132991,
        0.138699,
        0.144406
      ]
    },
    {
      "lines_px": [
        369,
        379,
        390,
        400,
        410
      ],
      "lines_norm": [
        0.210616,
        0.216324,
        0.222603,
        0.228311,
        0.234018
      ]
    }
  ]
}