{
  "image": "Reger - Improvisationen 8-005",
  "scaled_w": 1237,
  "scaled_h": 1752,
  "stave_count": 2,
  "staves": [
    {
      "lines_px": [
        212,
        222,
        233,
        243,
        253
      ],
      "lines_norm": [
        0.121005,
        0.126712,
        0.132991,
        0.138699,
        0.144406
      ]
    },
    {
      "lines_px": [
        368,
        379,
        389,
        399,
        410
      ],
      "lines_norm": [
        0.210046,
        0.216324,
        0.222032,
        0.22774,
        0.234018
      ]
    }
  ]
}