{
  "image": "Reger - Improvisationen 3-012",
  "scaled_w": 1237,
  "scaled_h": 1752,
  "stave_count": 2,
  "staves": [
    {
      "lines_px": [
        212,
        222,
        233,
        243,
        253
      ],
      "lines_norm": [
        0.121005,
        0.126712,
        0.132991,
        0.138699,
        0.144406
      ]
    },
    {
      "lines_px": [
        342,
        352,
        362,
        373,
        383
      ],
      "lines_norm": [
        0.195205,
        0.200913,
        0.206621,
        0.2129,
        0.218607
      ]
    }
  ]
}