{
  "image": "Reger - Improvisationen 8-046",
  "scaled_w": 1237,
  "scaled_h": 1752,
  "stave_count": 2,
  "staves": [
    {
      "lines_px": [
        212,
        222,
        233,
        243,
        253
      ],
      "lines_norm": [
        0.121005,
        0.126712,
        0.132991,
        0.138699,
        0.144406
      ]
    },
    {
      "lines_px": [
        437,
        448,
        458,
        468,
        479
      ],
      "lines_norm": [
        0.249429,
        0.255708,
        0.261416,
        0.267123,
        0.273402
      ]
    }
  ]
}