{
  "image": "Reger - Improvisationen 4-008",
  "scaled_w": 1237,
  "scaled_h": 1752,
  "stave_count": 2,
  "staves": [
    {
      "lines_px": [
        212,
        222,
        233,
        243,
        253
      ],
      "lines_norm": [
        0.121005,
        0.126712,
        0.132991,
        0.138699,
        0.144406
      ]
    },
    {
      "lines_px": [
        380,
        390,
        400,
        411,
        421
      ],
      "lines_norm": [
        0.216895,
        0.222603,
        0.228311,
        0.234589,
        0.240297
      ]
    }
  ]
}