{
  "image": "Reger - Improvisationen 4-013",
  "scaled_w": 1237,
  "scaled_h": 1752,
  "stave_count": 2,
  "staves": [
    {
      "lines_px": [
        212,
        222,
        233,
        243,
        253
      ],
      "lines_norm": [
        0.121005,
        0.126712,
        0.132991,
        0.138699,
        0.144406
      ]
    },
    {
      "lines_px": [
        371,
        381,
        392,
        402,
        412
      ],
      "lines_norm": [
        0.211758,
        0.217466,
        0.223744,
        0.229452,
        0.23516
      ]
    }
  ]
}