{
  "image": "Reger - Introduction-025",
  "scaled_w": 1237,
  "scaled_h": 1752,
  "stave_count": 4,
  "staves": [
    {
      "lines_px": [
        212,
        222,
        233,
        243,
        253
      ],
      "lines_norm": [
        0.121005,
        0.126712,
        0.132991,
        0.138699,
        0.144406
      ]
    },
    {
      "lines_px": [
        382,
        393,
        403,
        413,
        424
      ],
      "lines_norm": [
        0.218037,
        0.224315,
        0.230023,
        0.235731,
        0.242009
      ]
    },
    {
      "lines_px": [
        555,
        566,
        576,
        586,
        597
      ],
      "lines_norm": [
        0.316781,
        0.323059,
        0.328767,
        0.334475,
        0.340753
      ]
    },
    {
      "lines_px": [
        659,
        669,
        679,
        690,
        700
      ],
      "lines_norm": [
        0.376142,
        0.381849,
        0.387557,
        0.393836,
        0.399543
      ]
    }
  ]
}