{
  "image": "Reger - Introduction-024",
  "scaled_w": 1237,
  "scaled_h": 1752,
  "stave_count": 4,
  "staves": [
    {
      "lines_px": [
        212,
        222,
        233,
        243,
        253
      ],
      "lines_norm": [
        0.121005,
        0.126712,
        0.132991,
        0.138699,
        0.144406
      ]
    },
    {
      "lines_px": [
        331,
        341,
        351,
        362,
        372
      ],
      "lines_norm": [
        0.188927,
        0.194635,
        0.200342,
        0.206621,
        0.212329
      ]
    },
    {
      "lines_px": [
        497,
        507,
        517,
        528,
        538
      ],
      "lines_norm": [
        0.283676,
        0.289384,
        0.295091,
        0.30137,
        0.307078
      ]
    },
    {
      "lines_px": [
        648,
        658,
        669,
        679,
        689
      ],
      "lines_norm": [
        0.369863,
        0.375571,
        0.381849,
        0.387557,
        0.393265
      ]
    }
  ]
}