{
  "image": "Reger - Introduction-008",
  "scaled_w": 1237,
  "scaled_h": 1752,
  "stave_count": 4,
  "staves": [
    {
      "lines_px": [
        212,
        222,
        233,
        243,
        253
      ],
      "lines_norm": [
        0.121005,
        0.126712,
        0.132991,
        0.138699,
        0.144406
      ]
    },
    {
      "lines_px": [
        328,
        338,
        349,
        359,
        369
      ],
      "lines_norm": [
        0.187215,
        0.192922,
        0.199201,
        0.204909,
        0.210616
      ]
    },
    {
      "lines_px": [
        496,
        506,
        517,
        527,
        537
      ],
      "lines_norm": [
        0.283105,
        0.288813,
        0.295091,
        0.300799,
        0.306507
      ]
    },
    {
      "lines_px": [
        599,
        610,
        620,
        630,
        641
      ],
      "lines_norm": [
        0.341895,
        0.348174,
        0.353881,
        0.359589,
        0.365868
      ]
    }
  ]
}