{
  "image": "Reger - Improvisationen 3-001",
  "scaled_w": 1237,
  "scaled_h": 1752,
  "stave_count": 2,
  "staves": [
    {
      "lines_px": [
        333,
        343,
        353,
        364,
        374
      ],
      "lines_norm": [
        0.190068,
        0.195776,
        0.201484,
        0.207763,
        0.21347
      ]
    },
    {
      "lines_px": [
        462,
        472,
        482,
        493,
        503
      ],
      "lines_norm": [
        0.263699,
        0.269406,
        0.275114,
        0.281393,
        0.2871
      ]
    }
  ]
}