{
  "image": "Reger - Introduction-003",
  "scaled_w": 1237,
  "scaled_h": 1752,
  "stave_count": 4,
  "staves": [
    {
      "lines_px": [
        212,
        222,
        233,
        243,
        253
      ],
      "lines_norm": [
        0.121005,
        0.126712,
        0.132991,
        0.138699,
        0.144406
      ]
    },
    {
      "lines_px": [
        389,
        399,
        410,
        420,
        430
      ],
      "lines_norm": [
        0.222032,
        0.22774,
        0.234018,
        0.239726,
        0.245434
      ]
    },
    {
      "lines_px": [
        526,
        537,
        547,
        557,
        568
      ],
      "lines_norm": [
        0.300228,
        0.306507,
        0.312215,
        0.317922,
        0.324201
      ]
    },
    {
      "lines_px": [
        702,
        712,
        722,
        733,
        743
      ],
      "lines_norm": [
        0.400685,
        0.406393,
        0.4121,
        0.418379,
        0.424087
      ]
    }
  ]
}