{
  "image": "Reger - Introduction-016",
  "scaled_w": 1237,
  "scaled_h": 1752,
  "stave_count": 4,
  "staves": [
    {
      "lines_px": [
        212,
        222,
        233,
        243,
        253
      ],
      "lines_norm": [
        0.121005,
        0.126712,
        0.132991,
        0.138699,
        0.144406
      ]
    },
    {
      "lines_px": [
        341,
        352,
        362,
        372,
        383
      ],
      "lines_norm": [
        0.194635,
        0.200913,
        0.206621,
        0.212329,
        0.218607
      ]
    },
    {
      "lines_px": [
        519,
        529,
        539,
        550,
        560
      ],
      "lines_norm": [
        0.296233,
        0.301941,
        0.307648,
        0.313927,
        0.319635
      ]
    },
    {
      "lines_px": [
        664,
        674,
        685,
        695,
        705
      ],
      "lines_norm": [
        0.378995,
        0.384703,
        0.390982,
        0.396689,
        0.402397
      ]
    }
  ]
}