{
  "image": "Reger - Introduction-021",
  "scaled_w": 1237,
  "scaled_h": 1752,
  "stave_count": 4,
  "staves": [
    {
      "lines_px": [
        212,
        222,
        233,
        243,
        253
      ],
      "lines_norm": [
        0.121005,
        0.126712,
        0.132991,
        0.138699,
        0.144406
      ]
    },
    {
      "lines_px": [
        340,
        350,
        360,
        371,
        381
      ],
      "lines_norm": [
        0.194064,
        0.199772,
        0.205479,
        0.211758,
        0.217466
      ]
    },
    {
      "lines_px": [
        506,
        516,
        526,
        537,
        547
      ],
      "lines_norm": [
        0.288813,
        0.294521,
        0.300228,
        0.306507,
        0.312215
      ]
    },
    {
      "lines_px": [
        694,
        704,
        715,
        725,
        735
      ],
      "lines_norm": [
        0.396119,
        0.401826,
        0.408105,
        0.413813,
        0.419521
      ]
    }
  ]
}