{
  "image": "Reger - Introduction-002",
  "scaled_w": 1237,
  "scaled_h": 1752,
  "stave_count": 4,
  "staves": [
    {
      "lines_px": [
        212,
        222,
        233,
        243,
        253
      ],
      "lines_norm": [
        0.121005,
        0.126712,
        0.132991,
        0.138699,
        0.144406
      ]
    },
    {
      "lines_px": [
        364,
        374,
        385,
        395,
        405
      ],
      "lines_norm": [
        0.207763,
        0.21347,
        0.219749,
        0.225457,
        0.231164
      ]
    },
    {
      "lines_px": [
        488,
        498,
        509,
        519,
        529
      ],
      "lines_norm": [
        0.278539,
        0.284247,
        0.290525,
        0.296233,
        0.301941
      ]
    },
    {
      "lines_px": [
        641,
        652,
        662,
        672,
        683
      ],
      "lines_norm": [
        0.365868,
        0.372146,
        0.377854,
        0.383562,
        0.38984
      ]
    }
  ]
}