{
  "image": "Reger - Improvisationen 7-022",
  "scaled_w": 1237,
  "scaled_h": 1752,
  "stave_count": 2,
  "staves": [
    {
      "lines_px": [
        212,
        222,
        233,
        243,
        253
      ],
      "lines_norm": [
        0.121005,
        0.126712,
        0.132991,
        0.138699,
        0.144406
      ]
    },
    {
      "lines_px": [
        355,
        365,
        376,
        386,
        396
      ],
      "lines_norm": [
        0.202626,
        0.208333,
        0.214612,
        0.22032,
        0.226027
      ]
    }
  ]
}