{
  "image": "Reger - Introduction-014",
  "scaled_w": 1237,
  "scaled_h": 1752,
  "stave_count": 4,
  "staves": [
    {
      "lines_px": [
        212,
        222,
        233,
        243,
        253
      ],
      "lines_norm": [
        0.121005,
        0.126712,
        0.132991,
        0.138699,
        0.144406
      ]
    },
    {
      "lines_px": [
        349,
        359,
        369,
        380,
        390
      ],
      "lines_norm": [
        0.199201,
        0.204909,
        0.210616,
        0.216895,
        0.222603
      ]
    },
    {
      "lines_px": [
        486,
        496,
        506,
        517,
        527
      ],
      "lines_norm": [
        0.277397,
        0.283105,
        0.288813,
        0.295091,
        0.300799
      ]
    },
    {
      "lines_px": [
        639,
        650,
        660,
        670,
        681
      ],
      "lines_norm": [
        0.364726,
        0.371005,
        0.376712,
        0.38242,
        0.388699
      ]
    }
  ]
}