{
  "image": "Reger - Introduction-005",
  "scaled_w": 1237,
  "scaled_h": 1752,
  "stave_count": 4,
  "staves": [
    {
      "lines_px": [
        212,
        222,
        233,
        243,
        253
      ],
      "lines_norm": [
        0.121005,
        0.126712,
        0.132991,
        0.138699,
        0.144406
      ]
    },
    {
      "lines_px": [
        320,
        331,
        341,
        351,
        362
      ],
      "lines_norm": [
        0.182648,
        0.188927,
        0.194635,
        0.200342,
        0.206621
      ]
    },
    {
      "lines_px": [
        444,
        455,
        465,
        475,
        486
      ],
      "lines_norm": [
        0.253425,
        0.259703,
        0.265411,
        0.271119,
        0.277397
      ]
    },
    {
      "lines_px": [
        551,
        561,
        571,
        582,
        592
      ],
      "lines_norm": [
        0.314498,
        0.320205,
        0.325913,
        0.332192,
        0.3379
      ]
    }
  ]
}