{
  "image": "Reger - Improvisationen 8-012",
  "scaled_w": 1237,
  "scaled_h": 1752,
  "stave_count": 2,
  "staves": [
    {
      "lines_px": [
        212,
        222,
        233,
        243,
        253
      ],
      "lines_norm": [
        0.121005,
        0.126712,
        0.132991,
        0.138699,
        0.144406
      ]
    },
    {
      "lines_px": [
        363,
        373,
        383,
        394,
        404
      ],
      "lines_norm": [
        0.207192,
        0.2129,
        0.218607,
        0.224886,
        0.230594
      ]
    }
  ]
}