{
  "image": "Reger - Introduction-023",
  "scaled_w": 1237,
  "scaled_h": 1752,
  "stave_count": 4,
  "staves": [
    {
      "lines_px": [
        212,
        222,
        233,
        243,
        253
      ],
      "lines_norm": [
        0.121005,
        0.126712,
        0.132991,
        0.138699,
        0.144406
      ]
    },
    {
      "lines_px": [
        385,
        395,
        405,
        416,
        426
      ],
      "lines_norm": [
        0.219749,
        0.225457,
        0.231164,
        0.237443,
        0.243151
      ]
    },
    {
      "lines_px": [
        540,
        550,
        560,
        571,
        581
      ],
      "lines_norm": [
        0.308219,
        0.313927,
        0.319635,
        0.325913,
        0.331621
      ]
    },
    {
      "lines_px": [
        657,
        667,
        678,
        688,
        698
      ],
      "lines_norm": [
        0.375,
        0.380708,
        0.386986,
        0.392694,
        0.398402
      ]
    }
  ]
}