{
  "image": "Reger - Improvisationen 4-006",
  "scaled_w": 1237,
  "scaled_h": 1752,
  "stave_count": 2,
  "staves": [
    {
      "lines_px": [
        212,
        222,
        233,
        243,
        253
      ],
      "lines_norm": [
        0.121005,
        0.126712,
        0.132991,
        0.138699,
        0.144406
      ]
    },
    {
      "lines_px": [
        417,
        427,
        438,
        448,
        458
      ],
      "lines_norm": [
        0.238014,
        0.243721,
        0.25,
        0.255708,
        0.261416
      ]
    }
  ]
}