{
  "image": "Reger - Improvisationen 8-017",
  "scaled_w": 1237,
  "scaled_h": 1752,
  "stave_count": 2,
  "staves": [
    {
      "lines_px": [
        212,
        222,
        233,
        243,
        253
      ],
      "lines_norm": [
        0.121005,
        0.126712,
        0.132991,
        0.138699,
        0.144406
      ]
    },
    {
      "lines_px": [
        409,
        420,
        430,
        440,
        451
      ],
      "lines_norm": [
        0.233447,
        0.239726,
        0.245434,
        0.251142,
        0.25742
      ]
    }
  ]
}