{
  "image": "Schumann - String Quartet 1 mvt 3-015",
  "scaled_w": 1237,
  "scaled_h": 1752,
  "stave_count": 4,
  "staves": [
    {
      "lines_px": [
        212,
        222,
        233,
        243,
        253
      ],
      "lines_norm": [
        0.121005,
        0.126712,
        0.132991,
        0.138699,
        0.144406
      ]
    },
    {
      "lines_px": [
        356,
        367,
        377,
        387,
        398
      ],
      "lines_norm": [
        0.203196,
        0.209475,
        0.215183,
        0.22089,
        0.227169
      ]
    },
    {
      "lines_px": [
        482,
        492,
        502,
        513,
        523
      ],
      "lines_norm": [
        0.275114,
        0.280822,
        0.28653,
        0.292808,
        0.298516
      ]
    },
    {
      "lines_px": [
        606,
        616,
        627,
        637,
        647
      ],
      "lines_norm": [
        0.34589,
        0.351598,
        0.357877,
        0.363584,
        0.369292
      ]
    }
  ]
}