{
  "image": "Schumann - String Quartet 1 mvt 3-022",
  "scaled_w": 1237,
  "scaled_h": 1752,
  "stave_count": 4,
  "staves": [
    {
      "lines_px": [
        212,
        222,
        233,
        243,
        253
      ],
      "lines_norm": [
        0.121005,
        0.126712,
        0.132991,
        0.138699,
        0.144406
      ]
    },
    {
      "lines_px": [
        319,
        329,
        340,
        350,
        360
      ],
      "lines_norm": [
        0.182078,
        0.187785,
        0.194064,
        0.199772,
        0.205479
      ]
    },
    {
      "lines_px": [
        422,
        433,
        443,
        453,
        464
      ],
      "lines_norm": [
        0.240868,
        0.247146,
        0.252854,
        0.258562,
        0.26484
      ]
    },
    {
      "lines_px": [
        526,
        536,
        546,
        557,
        567
      ],
      "lines_norm": [
        0.300228,
        0.305936,
        0.311644,
        0.317922,
        0.32363
      ]
    }
  ]
}