{
  "image": "Schumann - String Quartet 1 mvt 3-025",
  "scaled_w": 1237,
  "scaled_h": 1752,
  "stave_count": 4,
  "staves": [
    {
      "lines_px": [
        212,
        222,
        233,
        243,
        253
      ],
      "lines_norm": [
        0.121005,
        0.126712,
        0.132991,
        0.138699,
        0.144406
      ]
    },
    {
      "lines_px": [
        326,
        337,
        347,
        357,
        368
      ],
      "lines_norm": [
        0.186073,
        0.192352,
        0.198059,
        0.203767,
        0.210046
      ]
    },
    {
      "lines_px": [
        468,
        479,
        489,
        499,
        510
      ],
      "lines_norm": [
        0.267123,
        0.273402,
        0.27911,
        0.284817,
        0.291096
      ]
    },
    {
      "lines_px": [
        576,
        586,
        596,
        607,
        617
      ],
      "lines_norm": [
        0.328767,
        0.334475,
        0.340183,
        0.346461,
        0.352169
      ]
    }
  ]
}