{
  "image": "Schumann - String Quartet 1 mvt 3-009",
  "scaled_w": 1237,
  "scaled_h": 1752,
  "stave_count": 4,
  "staves": [
    {
      "lines_px": [
        212,
        222,
        233,
        243,
        253
      ],
      "lines_norm": [
        0.121005,
        0.126712,
        0.132991,
        0.138699,
        0.144406
      ]
    },
    {
      "lines_px": [
        315,
        326,
        336,
        346,
        357
      ],
      "lines_norm": [
        0.179795,
        0.186073,
        0.191781,
        0.197489,
        0.203767
      ]
    },
    {
      "lines_px": [
        463,
        473,
        483,
        494,
        504
      ],
      "lines_norm": [
        0.264269,
        0.269977,
        0.275685,
        0.281963,
        0.287671
      ]
    },
    {
      "lines_px": [
        583,
        593,
        604,
        614,
        624
      ],
      "lines_norm": [
        0.332763,
        0.33847,
        0.344749,
        0.350457,
        0.356164
      ]
    }
  ]
}