{
  "image": "Schumann - String Quartet 1 mvt 3-004",
  "scaled_w": 1237,
  "scaled_h": 1752,
  "stave_count": 4,
  "staves": [
    {
      "lines_px": [
        212,
        222,
        233,
        243,
        253
      ],
      "lines_norm": [
        0.121005,
        0.126712,
        0.132991,
        0.138699,
        0.144406
      ]
    },
    {
      "lines_px": [
        315,
        326,
        336,
        346,
        357
      ],
      "lines_norm": [
        0.179795,
        0.186073,
        0.191781,
        0.197489,
        0.203767
      ]
    },
    {
      "lines_px": [
        430,
        440,
        450,
        461,
        471
      ],
      "lines_norm": [
        0.245434,
        0.251142,
        0.256849,
        0.263128,
        0.268836
      ]
    },
    {
      "lines_px": [
        533,
        543,
        554,
        564,
        574
      ],
      "lines_norm": [
        0.304224,
        0.309932,
        0.31621,
        0.321918,
        0.327626
      ]
    }
  ]
}