{
  "image": "Schumann - String Quartet 1 mvt 3-031",
  "scaled_w": 1237,
  "scaled_h": 1752,
  "stave_count": 4,
  "staves": [
    {
      "lines_px": [
        212,
        222,
        233,
        243,
        253
      ],
      "lines_norm": [
        0.121005,
        0.126712,
        0.132991,
        0.138699,
        0.144406
      ]
    },
    {
      "lines_px": [
        326,
        337,
        347,
        357,
        368
      ],
      "lines_norm": [
        0.186073,
        0.192352,
        0.198059,
        0.203767,
        0.210046
      ]
    },
    {
      "lines_px": [
        444,
        455,
        465,
        475,
        486
      ],
      "lines_norm": [
        0.253425,
        0.259703,
        0.265411,
        0.271119,
        0.277397
      ]
    },
    {
      "lines_px": [
        548,
        558,
        568,
        579,
        589
      ],
      "lines_norm": [
        0.312785,
        0.318493,
        0.324201,
        0.330479,
        0.336187
      ]
    }
  ]
}