{
  "image": "Schumann - String Quartet 1 mvt 3-024",
  "scaled_w": 1237,
  "scaled_h": 1752,
  "stave_count": 4,
  "staves": [
    {
      "lines_px": [
        212,
        222,
        233,
        243,
        253
      ],
      "lines_norm": [
        0.121005,
        0.126712,
        0.132991,
        0.138699,
        0.144406
      ]
    },
    {
      "lines_px": [
        343,
        354,
        364,
        374,
        385
      ],
      "lines_norm": [
        0.195776,
        0.202055,
        0.207763,
        0.21347,
        0.219749
      ]
    },
    {
      "lines_px": [
        447,
        457,
        467,
        478,
        488
      ],
      "lines_norm": [
        0.255137,
        0.260845,
        0.266553,
        0.272831,
        0.278539
      ]
    },
    {
      "lines_px": [
        550,
        560,
        571,
        581,
        591
      ],
      "lines_norm": [
        0.313927,
        0.319635,
        0.325913,
        0.331621,
        0.337329
      ]
    }
  ]
}