{
  "image": "Schumann - String Quartet 1 mvt 3-013",
  "scaled_w": 1237,
  "scaled_h": 1752,
  "stave_count": 4,
  "staves": [
    {
      "lines_px": [
        212,
        222,
        233,
        243,
        253
      ],
      "lines_norm": [
        0.121005,
        0.126712,
        0.132991,
        0.138699,
        0.144406
      ]
    },
    {
      "lines_px": [
        315,
        326,
        336,
        346,
        357
      ],
      "lines_norm": [
        0.179795,
        0.186073,
        0.191781,
        0.197489,
        0.203767
      ]
    },
    {
      "lines_px": [
        427,
        437,
        448,
        458,
        468
      ],
      "lines_norm": [
        0.243721,
        0.249429,
        0.255708,
        0.261416,
        0.267123
      ]
    },
    {
      "lines_px": [
        557,
        568,
        578,
        588,
        599
      ],
      "lines_norm": [
        0.317922,
        0.324201,
        0.329909,
        0.335616,
        0.341895
      ]
    }
  ]
}