{
  "image": "Schumann - String Quartet 1 mvt 3-028",
  "scaled_w": 1237,
  "scaled_h": 1752,
  "stave_count": 4,
  "staves": [
    {
      "lines_px": [
        212,
        222,
        233,
        243,
        253
      ],
      "lines_norm": [
        0.121005,
        0.126712,
        0.132991,
        0.138699,
        0.144406
      ]
    },
    {
      "lines_px": [
        315,
        326,
        336,
        346,
        357
      ],
      "lines_norm": [
        0.179795,
        0.186073,
        0.191781,
        0.197489,
        0.203767
      ]
    },
    {
      "lines_px": [
        424,
        435,
        445,
        455,
        466
      ],
      "lines_norm": [
        0.242009,
        0.248288,
        0.253995,
        0.259703,
        0.265982
      ]
    },
    {
      "lines_px": [
        567,
        577,
        587,
        598,
        608
      ],
      "lines_norm": [
        0.32363,
        0.329338,
        0.335046,
        0.341324,
        0.347032
      ]
    }
  ]
}