{
  "image": "Schumann - String Quartet 1 mvt 3-027",
  "scaled_w": 1237,
  "scaled_h": 1752,
  "stave_count": 4,
  "staves": [
    {
      "lines_px": [
        212,
        222,
        233,
        243,
        253
      ],
      "lines_norm": [
        0.121005,
        0.126712,
        0.132991,
        0.138699,
        0.144406
      ]
    },
    {
      "lines_px": [
        319,
        329,
        340,
        350,
        360
      ],
      "lines_norm": [
        0.182078,
        0.187785,
        0.194064,
        0.199772,
        0.205479
      ]
    },
    {
      "lines_px": [
        475,
        486,
        496,
        506,
        517
      ],
      "lines_norm": [
        0.271119,
        0.277397,
        0.283105,
        0.288813,
        0.295091
      ]
    },
    {
      "lines_px": [
        593,
        604,
        614,
        624,
        635
      ],
      "lines_norm": [
        0.33847,
        0.344749,
        0.350457,
        0.356164,
        0.362443
      ]
    }
  ]
}