{
  "image": "Schumann - String Quartet 1 mvt 3-014",
  "scaled_w": 1237,
  "scaled_h": 1752,
  "stave_count": 4,
  "staves": [
    {
      "lines_px": [
        212,
        222,
        233,
        243,
        253
      ],
      "lines_norm": [
        0.121005,
        0.126712,
        0.132991,
        0.138699,
        0.144406
      ]
    },
    {
      "lines_px": [
        349,
        359,
        369,
        380,
        390
      ],
      "lines_norm": [
        0.199201,
        0.204909,
        0.210616,
        0.216895,
        0.222603
      ]
    },
    {
      "lines_px": [
        467,
        477,
        488,
        498,
        508
      ],
      "lines_norm": [
        0.266553,
        0.27226,
        0.278539,
        0.284247,
        0.289954
      ]
    },
    {
      "lines_px": [
        594,
        604,
        614,
        625,
        635
      ],
      "lines_norm": [
        0.339041,
        0.344749,
        0.350457,
        0.356735,
        0.362443
      ]
    }
  ]
}