{
  "image": "Schumann - String Quartet 1 mvt 3-029",
  "scaled_w": 1237,
  "scaled_h": 1752,
  "stave_count": 4,
  "staves": [
    {
      "lines_px": [
        212,
        222,
        233,
        243,
        253
      ],
      "lines_norm": [
        0.121005,
        0.126712,
        0.132991,
        0.138699,
        0.144406
      ]
    },
    {
      "lines_px": [
        331,
        342,
        352,
        362,
        373
      ],
      "lines_norm": [
        0.188927,
        0.195205,
        0.200913,
        0.206621,
        0.2129
      ]
    },
    {
      "lines_px": [
        482,
        493,
        503,
        513,
        524
      ],
      "lines_norm": [
        0.275114,
        0.281393,
        0.2871,
        0.292808,
        0.299087
      ]
    },
    {
      "lines_px": [
        624,
        635,
        645,
        655,
        666
      ],
      "lines_norm": [
        0.356164,
        0.362443,
        0.368151,
        0.373858,
        0.380137
      ]
    }
  ]
}