{
  "image": "Schumann - String Quartet 1 mvt 3-002",
  "scaled_w": 1237,
  "scaled_h": 1752,
  "stave_count": 4,
  "staves": [
    {
      "lines_px": [
        212,
        222,
        233,
        243,
        253
      ],
      "lines_norm": [
        0.121005,
        0.126712,
        0.132991,
        0.138699,
        0.144406
      ]
    },
    {
      "lines_px": [
        315,
        326,
        336,
        346,
        357
      ],
      "lines_norm": [
        0.179795,
        0.186073,
        0.191781,
        0.197489,
        0.203767
      ]
    },
    {
      "lines_px": [
        421,
        432,
        442,
        452,
        463
      ],
      "lines_norm": [
        0.240297,
        0.246575,
        0.252283,
        0.257991,
        0.264269
      ]
    },
    {
      "lines_px": [
        527,
        537,
        547,
        558,
        568
      ],
      "lines_norm": [
        0.300799,
        0.306507,
        0.312215,
        0.318493,
        0.324201
      ]
    }
  ]
}