{
  "image": "Schumann - String Quartet 1 mvt 3-035",
  "scaled_w": 1237,
  "scaled_h": 1752,
  "stave_count": 4,
  "staves": [
    {
      "lines_px": [
        212,
        222,
        233,
        243,
        253
      ],
      "lines_norm": [
        0.121005,
        0.126712,
        0.132991,
        0.138699,
        0.144406
      ]
    },
    {
      "lines_px": [
        315,
        326,
        336,
        346,
        357
      ],
      "lines_norm": [
        0.179795,
        0.186073,
        0.191781,
        0.197489,
        0.203767
      ]
    },
    {
      "lines_px": [
        473,
        483,
        494,
        504,
        514
      ],
      "lines_norm": [
        0.269977,
        0.275685,
        0.281963,
        0.287671,
        0.293379
      ]
    },
    {
      "lines_px": [
        576,
        587,
        597,
        607,
        618
      ],
      "lines_norm": [
        0.328767,
        0.335046,
        0.340753,
        0.346461,
        0.35274
      ]
    }
  ]
}