{
  "image": "Schumann - String Quartet 1 mvt 3-020",
  "scaled_w": 1237,
  "scaled_h": 1752,
  "stave_count": 4,
  "staves": [
    {
      "lines_px": [
        212,
        222,
        233,
        243,
        253
      ],
      "lines_norm": [
        0.121005,
        0.126712,
        0.132991,
        0.138699,
        0.144406
      ]
    },
    {
      "lines_px": [
        329,
        340,
        350,
        360,
        371
      ],
      "lines_norm": [
        0.187785,
        0.194064,
        0.199772,
        0.205479,
        0.211758
      ]
    },
    {
      "lines_px": [
        454,
        465,
        475,
        485,
        496
      ],
      "lines_norm": [
        0.259132,
        0.265411,
        0.271119,
        0.276826,
        0.283105
      ]
    },
    {
      "lines_px": [
        558,
        568,
        578,
        589,
        599
      ],
      "lines_norm": [
        0.318493,
        0.324201,
        0.329909,
        0.336187,
        0.341895
      ]
    }
  ]
}