{
  "image": "Schumann - String Quartet 1 mvt 3-006",
  "scaled_w": 1237,
  "scaled_h": 1752,
  "stave_count": 4,
  "staves": [
    {
      "lines_px": [
        212,
        222,
        233,
        243,
        253
      ],
      "lines_norm": [
        0.121005,
        0.126712,
        0.132991,
        0.138699,
        0.144406
      ]
    },
    {
      "lines_px": [
        348,
        359,
        369,
        379,
        390
      ],
      "lines_norm": [
        0.19863,
        0.204909,
        0.210616,
        0.216324,
        0.222603
      ]
    },
    {
      "lines_px": [
        503,
        513,
        523,
        534,
        544
      ],
      "lines_norm": [
        0.2871,
        0.292808,
        0.298516,
        0.304795,
        0.310502
      ]
    },
    {
      "lines_px": [
        606,
        616,
        627,
        637,
        647
      ],
      "lines_norm": [
        0.34589,
        0.351598,
        0.357877,
        0.363584,
        0.369292
      ]
    }
  ]
}