{
  "image": "Schumann - String Quartet 1 mvt 3-001",
  "scaled_w": 1237,
  "scaled_h": 1752,
  "stave_count": 4,
  "staves": [
    {
      "lines_px": [
        333,
        343,
        353,
        364,
        374
      ],
      "lines_norm": [
        0.190068,
        0.195776,
        0.201484,
        0.207763,
        0.21347
      ]
    },
    {
      "lines_px": [
        436,
        446,
        457,
        467,
        477
      ],
      "lines_norm": [
        0.248858,
        0.254566,
        0.260845,
        0.266553,
        0.27226
      ]
    },
    {
      "lines_px": [
        553,
        564,
        574,
        584,
        595
      ],
      "lines_norm": [
        0.315639,
        0.321918,
        0.327626,
        0.333333,
        0.339612
      ]
    },
    {
      "lines_px": [
        697,
        708,
        718,
        728,
        739
      ],
      "lines_norm": [
        0.397831,
        0.40411,
        0.409817,
        0.415525,
        0.421804
      ]
    }
  ]
}