{
  "image": "Schumann - String Quartet 1 mvt 3-007",
  "scaled_w": 1237,
  "scaled_h": 1752,
  "stave_count": 4,
  "staves": [
    {
      "lines_px": [
        212,
        222,
        233,
        243,
        253
      ],
      "lines_norm": [
        0.121005,
        0.126712,
        0.132991,
        0.138699,
        0.144406
      ]
    },
    {
      "lines_px": [
        315,
        326,
        336,
        346,
        357
      ],
      "lines_norm": [
        0.179795,
        0.186073,
        0.191781,
        0.197489,
        0.203767
      ]
    },
    {
      "lines_px": [
        461,
        471,
        482,
        492,
        502
      ],
      "lines_norm": [
        0.263128,
        0.268836,
        0.275114,
        0.280822,
        0.28653
      ]
    },
    {
      "lines_px": [
        574,
        584,
        595,
        605,
        615
      ],
      "lines_norm": [
        0.327626,
        0.333333,
        0.339612,
        0.34532,
        0.351027
      ]
    }
  ]
}