{
  "image": "Schumann - String Quartet 1 mvt 3-033",
  "scaled_w": 1237,
  "scaled_h": 1752,
  "stave_count": 4,
  "staves": [
    {
      "lines_px": [
        212,
        222,
        233,
        243,
        253
      ],
      "lines_norm": [
        0.121005,
        0.126712,
        0.132991,
        0.138699,
        0.144406
      ]
    },
    {
      "lines_px": [
        315,
        326,
        336,
        346,
        357
      ],
      "lines_norm": [
        0.179795,
        0.186073,
        0.191781,
        0.197489,
        0.203767
      ]
    },
    {
      "lines_px": [
        419,
        429,
        439,
        450,
        460
      ],
      "lines_norm": [
        0.239155,
        0.244863,
        0.250571,
        0.256849,
        0.262557
      ]
    },
    {
      "lines_px": [
        571,
        582,
        592,
        602,
        613
      ],
      "lines_norm": [
        0.325913,
        0.332192,
        0.3379,
        0.343607,
        0.349886
      ]
    }
  ]
}