{
  "image": "Scriabin - Prelude Op 11 no 14-001",
  "scaled_w": 1237,
  "scaled_h": 1752,
  "stave_count": 2,
  "staves": [
    {
      "lines_px": [
        333,
        343,
        353,
        364,
        374
      ],
      "lines_norm": [
        0.190068,
        0.195776,
        0.201484,
        0.207763,
        0.21347
      ]
    },
    {
      "lines_px": [
        477,
        487,
        497,
        508,
        518
      ],
      "lines_norm": [
        0.27226,
        0.277968,
        0.283676,
        0.289954,
        0.295662
      ]
    }
  ]
}