{
  "image": "Scriabin - Prelude Op 11 no 14-010",
  "scaled_w": 1237,
  "scaled_h": 1752,
  "stave_count": 2,
  "staves": [
    {
      "lines_px": [
        212,
        222,
        233,
        243,
        253
      ],
      "lines_norm": [
        0.121005,
        0.126712,
        0.132991,
        0.138699,
        0.144406
      ]
    },
    {
      "lines_px": [
        374,
        385,
        395,
        405,
        416
      ],
      "lines_norm": [
        0.21347,
        0.219749,
        0.225457,
        0.231164,
        0.237443
      ]
    }
  ]
}