{
  "image": "Webern - Variations Op 27 III-001",
  "scaled_w": 1237,
  "scaled_h": 1752,
  "stave_count": 2,
  "staves": [
    {
      "lines_px": [
        333,
        343,
        353,
        364,
        374
      ],
      "lines_norm": [
        0.190068,
        0.195776,
        0.201484,
        0.207763,
        0.21347
      ]
    },
    {
      "lines_px": [
        460,
        470,
        481,
        491,
        501
      ],
      "lines_norm": [
        0.262557,
        0.268265,
        0.274543,
        0.280251,
        0.285959
      ]
    }
  ]
}