{
  "image": "Webern - Variations Op 27 III-002",
  "scaled_w": 1237,
  "scaled_h": 1752,
  "stave_count": 2,
  "staves": [
    {
      "lines_px": [
        212,
        222,
        233,
        243,
        253
      ],
      "lines_norm": [
        0.121005,
        0.126712,
        0.132991,
        0.138699,
        0.144406
      ]
    },
    {
      "lines_px": [
        370,
        381,
        391,
        401,
        412
      ],
      "lines_norm": [
        0.211187,
        0.217466,
        0.223174,
        0.228881,
        0.23516
      ]
    }
  ]
}